DA,curr_acc,tot_acc,score,Marginalization Group
13470342,1865,65635,0.4375,1
13470319,385,66095,0.5,2
13470188,50,61970,0.5625,2
13470100,70,73355,0.5,2
13470196,1130,72515,0.5,2
13468004,3725,97585,0.625,3
13468555,3185,94020,0.5625,2
13468441,3900,81965,0.5,2
13468969,3840,80170,0.625,3
13469127,3570,88835,0.5,2
13452196,340,56635,0.625,3
13449998,1565,90755,0.75,4
13449611,1480,92885,0.5,2
30060705,1510,115330,0.875,5
13449587,1465,101975,0.6875,3
13449160,1520,110375,0.875,5
13448818,1565,112180,0.75,4
30020922,285,94665,0.75,4
13448509,340,90665,0.6875,3
13459307,145,40820,0.8125,5
13448708,285,89865,0.6875,3
13453654,345,66430,0.5625,2
13453357,450,59305,0.5,2
13458712,145,40320,0.6875,3
13460410,685,49985,0.5,2
13461363,420,50865,0.375,1
13461424,120,56445,0.4375,1
13460395,605,63905,0.5,2
13458231,55,48575,0.5625,2
13456427,1885,67445,0.625,3
13451978,1280,209230,0.5,2
13452236,340,60700,0.5,2
13452556,0,49740,1.0,5
13452695,295,57620,0.8125,5
14048909,150,123260,0.625,3
13451045,1565,112310,0.875,5
13450522,1565,112735,0.5625,2
30092973,1475,113335,1.0,5
13453484,10380,248295,0.25,1
30096415,10305,263810,0.25,1
14065255,10055,263455,0.3125,1
13454019,0,273235,0.75,4
13453667,13075,257550,0.5,2
13454245,10310,254835,0.1875,1
13454450,10175,261570,0.25,1
13455051,10700,262940,0.3125,1
13455221,10700,247450,0.375,1
13448443,2285,147740,0.4375,1
13448532,2340,145005,0.6875,3
13449730,2160,157845,0.625,3
13450130,2080,139455,0.625,3
13450146,1340,168550,0.5,2
13450315,1325,165505,0.625,3
13450897,1465,175525,0.4375,1
13451529,735,180255,0.375,1
13451202,580,180115,0.5625,2
13451459,795,199320,0.5625,2
13452089,630,210365,0.5625,2
13453181,545,145655,0.8125,5
13453447,610,135710,0.875,5
13452886,60,115995,0.75,4
13452463,80,113595,0.875,5
13453142,140,110915,0.6875,3
13453751,6545,109830,0.4375,1
13467440,117770,585875,0.4375,1
13454927,136490,268855,0.1875,1
13455770,191045,367040,0.25,1
20042713,10320,250700,0.25,1
13454796,10030,223395,0.5,2
13454211,10285,214100,0.1875,1
30060781,9940,262145,0.4375,1
13453693,10090,212980,0.375,1
13454027,10320,238160,0.1875,1
13453191,9935,203755,0.375,1
20041363,10010,204395,0.4375,1
13467397,10380,113400,0.375,1
13467078,10585,120840,0.3125,1
13467758,10630,119065,0.4375,1
13467596,10660,119200,0.25,1
13468003,10965,115980,0.1875,1
13470641,4095,51615,0.6875,3
13470167,1060,72725,0.5,2
30097773,3830,88005,0.4375,1
13468766,3900,85365,0.5,2
13449354,1565,102240,0.9375,5
13453828,450,59635,0.5625,2
13459141,145,42260,0.75,4
30092081,145,50510,0.625,3
13460950,230,64575,0.3125,1
13452742,290,48690,0.625,3
30097568,250,124275,0.75,4
13450904,1510,95420,0.6875,3
13449114,2340,154055,0.625,3
13449446,2340,155520,0.625,3
13450639,1510,162360,0.5,2
13453130,140,116995,0.875,5
13452618,140,103625,0.6875,3
13453424,10380,219840,0.1875,1
14015402,56120,291785,0.6875,3
14043613,54435,306295,0.75,4
14015633,97410,325715,0.75,4
14015503,105885,307210,0.6875,3
13460685,98145,280205,0.625,3
13461503,52025,210990,0.625,3
13461431,38150,163930,0.6875,3
13467366,126225,569500,0.3125,1
13467735,104325,573180,0.375,1
13467851,103205,568145,0.375,1
13467777,88700,581030,0.375,1
14043288,82525,558020,0.4375,1
14043539,101170,587215,0.4375,1
14042312,87580,570050,0.25,1
14017251,119100,594890,0.1875,1
14043960,82295,572725,0.375,1
14042579,121290,594865,0.3125,1
14042949,123130,590660,0.3125,1
14017513,123545,600720,0.3125,1
14042031,171020,615130,0.375,1
30102494,171035,615155,0.625,3
14017606,123245,609035,0.4375,1
13466723,168340,605530,0.375,1
13467655,3775,93550,0.25,1
13468102,10985,114110,0.25,1
13468341,10985,105780,0.375,1
13468547,11010,101405,0.5,2
13469114,11055,99695,0.625,3
13469256,11015,100350,0.375,1
13449927,1565,95855,0.75,4
30105924,3900,64635,0.375,1
13452780,12465,107545,0.875,5
30084860,255,65990,0.5625,2
13444433,255,66025,0.5625,2
13446183,585,113810,0.6875,3
13446117,585,114065,0.8125,5
13445647,3675,102340,0.875,5
13445584,3910,102130,0.75,4
13445272,3815,102550,0.625,3
13445251,3910,103600,0.4375,1
30097390,3670,91250,0.625,3
13452399,665,125245,0.6875,3
30001001,10175,124085,0.5,2
13457051,2735,63440,0.8125,5
13457381,2760,71185,0.8125,5
14016125,34725,95775,0.375,1
14050016,33990,95215,0.375,1
13462182,37820,96245,0.25,1
13462559,38670,99890,0.3125,1
13461683,42400,221085,0.125,1
13461952,41935,268105,0.3125,1
13462095,41865,267135,0.4375,1
14016666,39580,202645,0.375,1
13458324,51295,201295,0.375,1
13458658,49700,143195,0.4375,1
20034350,37980,134660,0.375,1
13462950,38615,141845,0.375,1
20061724,209065,636415,0.375,1
14658819,219935,621775,0.25,1
20035150,358185,640045,0.625,3
14021406,363290,646715,0.1875,1
14021397,363525,644935,0.375,1
20110682,390330,661330,0.3125,1
14049380,391255,661165,0.4375,1
30021208,0,38145,0.875,5
30018570,220,57955,0.875,5
20050921,260,14925,0.6875,3
20038830,65620,608185,0.875,5
30105665,460085,681875,0.5,2
13468076,33290,137990,0.5625,2
13456681,189520,447525,0.5,2
14123043,45,29960,0.875,5
30025641,190,55690,0.6875,3
13448349,635,64830,0.75,4
14043079,409490,657310,0.75,4
13466695,372565,632195,0.5,2
13445121,235,71580,0.6875,3
14043075,111395,310000,0.625,3
13460758,41465,198855,0.75,4
30017070,41465,175925,0.6875,3
14015277,41595,199825,0.625,3
13449719,1565,102395,0.875,5
13449181,1565,126170,0.75,4
20052356,260,21045,0.5625,2
13443540,260,14825,0.5,2
13443783,260,14300,0.5625,2
13443853,260,9360,0.5625,2
30062933,660,114500,0.75,4
13458348,49785,153255,0.875,5
13442157,550,52110,0.6875,3
20051585,200,35385,0.5625,2
13447486,6075,128310,0.75,4
13458648,48995,121125,0.875,5
14043439,55920,295540,0.6875,3
30104867,2785,133700,0.4375,1
30100934,2725,124810,0.6875,3
30062305,2830,144980,0.5625,2
13452979,55,142620,0.6875,3
13452716,2830,137615,0.9375,5
13452471,2740,136955,0.875,5
13452376,550,127055,0.75,4
13452873,665,141370,0.625,3
30102540,181275,617640,0.6875,3
13467016,50,626135,0.5625,2
13456111,2405,50240,0.5,2
13455556,2775,51580,0.1875,1
13456746,2750,63020,0.375,1
13455985,2625,69875,0.625,3
30097365,590,94005,0.9375,5
30044176,1190,73320,0.8125,5
13445724,570,107925,1.0,5
13444941,0,71345,0.6875,3
30038738,428270,672770,0.625,3
30042272,183370,527465,0.4375,1
30060154,865,75880,0.5625,2
13457108,2815,71370,0.625,3
13456845,2650,69105,0.75,4
13456197,2815,65770,0.5625,2
30037218,2760,71670,0.625,3
13455387,2770,78240,0.625,3
13455444,2740,73945,0.75,4
13454864,2765,85525,0.5625,2
13454218,0,80815,0.4375,1
13454751,2705,62090,0.625,3
13455037,2815,57180,0.4375,1
13454323,2750,65380,0.5,2
13466707,80,631405,0.5,2
13466631,345860,636815,0.6875,3
14019054,346555,635625,0.5,2
14042716,347350,639075,0.6875,3
13466045,376115,643675,0.5,2
14042147,349430,633755,0.625,3
14017809,349230,628340,0.5625,2
14675137,346780,606365,0.8125,5
13465302,347265,617070,0.625,3
14063771,345490,615745,0.75,4
13464946,212785,563670,0.4375,1
13468580,1105,55990,0.625,3
30092956,1275,112020,0.6875,3
30098068,427360,662480,0.5,2
14608149,420,618770,0.375,1
14064670,1480,609070,0.5625,2
14037148,1310,620220,0.5,2
20038763,60270,601100,0.8125,5
20038870,65275,603890,0.4375,1
20050311,305,97640,0.6875,3
13453214,110,96770,0.5625,2
13452912,80,104425,1.0,5
13451742,12785,108370,0.75,4
13451511,12785,99655,0.75,4
13454076,2490,69970,0.4375,1
13454192,0,81005,0.625,3
13453538,0,84655,0.5625,2
13452653,7395,119000,0.625,3
13451810,12735,107595,0.6875,3
13452539,12785,110945,0.75,4
13451372,12785,106435,0.75,4
13443181,635,68930,0.8125,5
13445944,660,106830,0.625,3
13446830,660,117460,0.75,4
13448125,12680,93385,0.625,3
13448161,12680,93715,0.75,4
13447638,5050,91715,0.75,4
13448001,10240,104375,0.6875,3
13456496,2560,69240,0.75,4
13451698,12670,103875,0.875,5
30103196,12630,106900,0.875,5
13452135,12785,106195,0.6875,3
13452461,12785,106385,0.6875,3
13452643,12645,104915,1.0,5
13467990,3850,77205,0.4375,1
13468177,3900,86480,0.375,1
13468162,3800,92190,0.4375,1
13467405,3800,92685,0.5,2
13469391,1360,63125,0.6875,3
13469321,1390,62850,0.1875,1
13469461,1505,54010,0.375,1
30072753,1425,54250,0.75,4
13468398,115,52015,0.6875,3
13468329,50,46445,0.8125,5
13467809,115,44240,0.4375,1
13467697,1365,51760,0.5,2
13467739,1465,52050,0.375,1
13467282,1350,46045,0.5,2
13449205,340,87330,0.6875,3
30035870,235,89795,0.75,4
30016928,285,102445,0.75,4
13449620,1470,95560,0.75,4
13449949,1425,90755,0.625,3
13450171,1520,89545,0.6875,3
13450359,1565,87215,0.8125,5
13454506,90,96720,0.75,4
13454967,280,59115,0.75,4
13455386,310,59025,0.5,2
13456274,325,67800,0.75,4
13455988,1885,65620,0.4375,1
13455636,1295,59480,0.75,4
13454850,1765,66760,0.625,3
30001151,340,72655,0.875,5
13454479,450,72375,0.6875,3
13454559,90,68080,0.625,3
30073146,400,42630,0.5,2
13455888,285,68385,0.75,4
13454624,2870,52430,0.6875,3
13453691,280,58870,0.6875,3
13454034,385,58620,0.5,2
13451754,285,55815,0.625,3
13451787,295,56070,0.625,3
13452252,145,61930,0.875,5
30001653,1750,64150,0.75,4
13453840,6545,120705,0.6875,3
30055266,270,86295,0.625,3
13452650,10315,212145,0.25,1
13452304,9965,210105,0.625,3
13452131,10305,217475,0.25,1
13450707,7400,178130,0.5625,2
13452009,100,93910,0.8125,5
13453592,70,110020,0.75,4
13455246,6365,80435,0.875,5
13454322,1785,63370,0.625,3
13448234,2285,147515,0.5,2
13451953,1200,203605,0.3125,1
13452654,10185,199335,0.5,2
13452798,10270,199770,0.1875,1
13453176,10220,205480,0.5,2
13453387,10215,205695,0.1875,1
13453487,10220,205655,0.5,2
13453993,10185,206900,0.25,1
13454257,10250,209705,0.5625,2
30096043,10260,216085,0.5625,2
20041141,1135,215990,0.75,4
13455084,1125,217675,0.5,2
20041059,1125,205775,0.25,1
13454826,1155,198510,0.625,3
13455322,39840,155650,0.5625,2
13454994,33375,148305,0.8125,5
13454474,17215,123090,0.75,4
13453878,1695,207980,0.4375,1
13454312,1150,201680,0.5,2
13452842,170,204795,0.6875,3
13452281,700,197370,0.75,4
13451922,675,184890,0.375,1
13452841,815,126000,0.625,3
13452909,475,132605,0.625,3
13450996,1440,167215,0.1875,1
13450075,1455,167965,0.75,4
13449516,1640,172070,0.625,3
13449318,485,175615,0.4375,1
13445212,6245,94200,0.8125,5
13451520,1435,210160,0.1875,1
13451376,1380,203095,0.4375,1
30076232,1380,165970,0.6875,3
30093410,735,202700,0.6875,3
13469333,11000,95455,0.4375,1
13469622,1400,90630,0.5625,2
30108188,10990,107020,0.4375,1
13469636,10540,102860,0.8125,5
13469409,10910,108135,0.5625,2
30037365,0,148320,0.75,4
13448438,260,154820,0.5,2
30091746,6285,91960,0.75,4
13445766,6665,132440,0.625,3
13445940,6730,132165,0.75,4
13445704,175,102215,0.5625,2
30072854,6070,96000,0.6875,3
20090029,33390,150605,0.8125,5
13464022,31305,158810,0.625,3
13444518,6250,92310,0.5625,2
13444434,6145,91060,0.5625,2
13444693,6180,91645,0.5,2
30072832,6230,96575,0.625,3
13461759,21655,122405,0.625,3
13462342,22280,114450,0.9375,5
13462337,25580,126655,0.6875,3
20141003,25335,126485,0.625,3
13470308,3440,66720,0.5,2
13463640,1745,124885,0.5,2
13464198,1465,125695,0.625,3
14014954,43205,140565,0.3125,1
14014970,47190,143990,0.375,1
13465492,46990,153460,0.375,1
13465341,51405,161650,0.3125,1
14045620,48350,149335,0.375,1
14045849,47140,154395,0.375,1
14045724,54580,216260,0.375,1
14015247,53725,206410,0.4375,1
14045065,48010,161795,0.375,1
14045760,54630,165810,0.25,1
13465318,72625,181170,0.375,1
13465713,56215,163790,0.3125,1
13465958,88720,222085,0.375,1
13465879,103025,264975,0.375,1
13465910,103670,264145,0.5,2
14015842,85565,460625,0.4375,1
14017403,121305,561440,0.3125,1
14017448,126265,594890,0.375,1
30092315,110,55520,0.8125,5
13470583,3990,63925,0.375,1
13470368,6195,62525,0.75,4
13470473,3990,66055,0.875,5
13470622,4100,59345,0.4375,1
13461254,685,45485,0.6875,3
13460595,685,45675,0.5,2
13460215,610,51965,0.5625,2
14173976,140,120890,0.75,4
13469389,10965,114445,0.5,2
20053092,10975,118265,0.625,3
13470157,6140,83875,0.4375,1
13470252,6225,78910,0.3125,1
13470384,6805,70785,0.6875,3
13470149,6015,83150,0.5625,2
20048534,3990,67525,0.5,2
20058502,4050,61605,0.8125,5
13470543,4085,63660,0.3125,1
30076362,3500,64880,0.25,1
13470421,3595,63080,0.1875,1
13470281,3500,64930,0.4375,1
13470660,4015,50650,0.625,3
13470628,4145,59230,0.625,3
13470676,4145,58345,0.375,1
13470723,4060,50525,0.75,4
13468810,1505,55630,0.25,1
13469165,1330,51165,0.5,2
13470712,4080,50065,0.625,3
13470709,4145,50995,0.5625,2
13470673,3925,51550,0.5,2
30085098,3745,50720,0.5625,2
13470707,4000,50425,0.3125,1
13470722,4065,47635,0.75,4
30095256,4095,45545,0.625,3
30000214,4045,64055,0.625,3
13464107,2405,68360,0.5,2
13464019,2255,66560,0.375,1
13463316,2255,55030,0.375,1
13463025,70,61570,0.75,4
13462014,270,63845,0.75,4
13461879,370,66285,0.3125,1
13461496,320,60435,0.4375,1
13461173,610,49920,0.625,3
13462021,55,57240,0.75,4
13462218,420,57270,0.6875,3
13466568,1715,45500,0.5625,2
13466340,1915,46860,0.1875,1
13466212,1825,46345,0.5,2
30063226,1860,29980,0.3125,1
30112963,2405,75445,0.375,1
13465462,2355,75405,0.25,1
13450313,1500,32995,0.8125,5
30103899,1915,42795,0.4375,1
13465676,1855,46510,0.3125,1
13443143,3910,88855,0.8125,5
13443541,3910,89685,0.6875,3
30002269,3810,89955,0.8125,5
13442827,3910,83620,0.75,4
13468294,3765,76125,0.5625,2
13467435,2405,74190,0.5625,2
13449923,150,140125,0.25,1
13453731,2830,145615,0.75,4
13453216,145,143090,0.75,4
13457519,930,77210,0.5,2
30105527,2815,65470,0.4375,1
13455724,2815,72390,0.625,3
14117695,349230,631100,0.5625,2
30108218,224950,585610,0.625,3
13453734,0,81415,0.5625,2
13451906,12725,107210,0.75,4
13451559,12785,105165,0.6875,3
13450844,12785,106805,0.75,4
13450934,12785,112085,0.625,3
13451020,12785,112825,0.625,3
13446732,660,122380,0.625,3
13447939,10325,103960,0.75,4
13452724,12785,111745,0.8125,5
13467886,3850,79925,0.4375,1
13467684,3900,81145,0.375,1
13469222,1505,51490,0.1875,1
30037270,65,51965,0.5,2
13449588,1565,94530,0.75,4
30006919,340,93810,0.8125,5
13455843,400,68545,0.625,3
13456146,1885,66320,0.625,3
30058078,1885,64405,0.6875,3
13454900,1840,74220,0.6875,3
13455155,400,67785,0.8125,5
13455452,400,67690,0.5,2
20052865,340,58590,0.75,4
13451345,1885,62815,0.8125,5
13448472,340,90665,0.75,4
13455112,6545,81490,0.8125,5
13454936,440,84135,0.6875,3
13469537,11010,95945,0.4375,1
13448663,260,161175,0.5,2
13463284,31945,138970,0.5625,2
13463939,1685,128700,0.5,2
13445090,6340,94110,0.625,3
13461789,24635,125155,0.6875,3
20089987,29040,141765,0.625,3
13463364,1745,132095,0.8125,5
14045962,50890,161915,0.4375,1
13466698,173630,582230,0.4375,1
13467019,166025,580685,0.3125,1
13460133,685,46495,0.625,3
13470560,4145,63145,0.5625,2
30009311,1455,54630,0.625,3
13470715,4145,50920,0.5625,2
13470750,4145,46420,0.625,3
13470557,4145,52025,0.4375,1
13464747,2345,76365,0.375,1
13464733,2405,64330,0.4375,1
13461530,420,57005,0.6875,3
13442879,3910,83835,0.75,4
13442800,3910,83675,0.6875,3
13453631,2965,19755,0.5,2
13441733,160,59725,0.6875,3
30059183,175,65900,0.75,4
13444437,330,94135,0.8125,5
13450262,55,157050,0.4375,1
30098398,220,145130,0.6875,3
13461208,239995,639750,0.375,1
13460750,227080,658795,0.4375,1
30009172,405,26805,0.4375,1
20050756,0,70000,0.8125,5
30031486,135,47740,0.75,4
13445835,6340,100945,0.5,2
13445496,6340,102540,0.625,3
30081699,6260,112890,0.6875,3
13446135,6260,121565,0.8125,5
13461349,359330,667615,0.375,1
13460919,362960,681570,0.5,2
13461917,403445,671000,0.375,1
14049624,403625,685895,0.875,5
13461815,401560,670840,0.5,2
30003625,395415,665560,0.75,4
13451170,1885,63425,0.75,4
13449816,1705,48630,0.4375,1
13449544,1755,48250,0.625,3
13447279,6225,132825,0.625,3
13446893,6340,130225,0.5,2
30098092,447930,680980,0.25,1
13461980,467355,692780,0.6875,3
13462019,471790,703115,0.5,2
13464611,32875,151880,0.4375,1
13464738,36900,139505,0.3125,1
20112678,39560,133465,0.375,1
14045641,43225,145890,0.1875,1
13465308,32575,126610,0.375,1
13449825,1500,39655,0.8125,5
30091641,1405,32605,0.75,4
13458756,16755,275945,0.8125,5
30111270,720,119900,0.75,4
13455005,6400,81505,0.9375,5
13462712,464760,701885,0.5625,2
13463150,481030,706150,0.6875,3
20154109,478170,698990,0.6875,3
20154119,472000,693385,0.5,2
13449756,850,39005,0.75,4
13450885,1815,92285,0.75,4
30092001,1825,84080,0.75,4
30037257,6345,113580,0.875,5
13454583,225,107480,0.75,4
13454134,225,75020,0.625,3
13454431,135,87955,0.75,4
13453481,0,100105,0.5625,2
30093697,215,92940,0.75,4
13444531,115,104460,0.75,4
13452391,55,116210,0.8125,5
13451181,155,95260,0.8125,5
13451947,110,102275,0.625,3
13457457,465,103875,0.8125,5
13459556,43070,120840,0.6875,3
20078654,43085,119660,0.625,3
30104562,42460,108015,0.75,4
14233859,42750,122470,0.8125,5
13457989,273130,655195,0.5625,2
13458181,400930,651305,0.5,2
13458494,427545,673085,0.6875,3
14673130,402120,660605,0.5,2
14036433,452150,699040,0.5625,2
14036405,458820,703925,0.5625,2
13445629,550,51010,0.6875,3
13445645,550,64395,0.75,4
13460864,146630,425820,0.625,3
14022286,148445,416305,0.75,4
13461784,145935,567100,0.5,2
13461803,139115,521935,0.375,1
13461392,141850,407960,0.5,2
14021899,121455,349955,0.6875,3
13461100,121685,337985,0.4375,1
13458753,40635,104510,0.75,4
14658910,41760,109235,0.8125,5
20042223,41815,110780,0.5,2
13460179,295,94350,0.6875,3
13461174,462365,684990,0.3125,1
20141777,454800,679115,0.3125,1
13452185,55,117875,0.75,4
13454649,13305,305325,0.375,1
13445650,6340,99565,0.5625,2
30059633,38795,98370,0.3125,1
13462212,39975,103055,0.3125,1
13462195,38685,142995,0.4375,1
13461875,41430,203570,1.0,5
13462243,38860,149665,0.5,2
13462509,40015,159820,0.3125,1
13462683,38700,144075,0.25,1
20034056,200230,581670,0.5,2
20080297,221810,615245,0.8125,5
13460486,148505,440995,0.5625,2
13460797,212050,574990,0.625,3
13460500,193805,577420,0.5,2
13460161,192075,578905,1.0,5
14253125,213975,621305,0.5,2
13460928,192375,629510,0.4375,1
13453873,6405,120130,0.875,5
13460911,460275,685845,0.375,1
13461058,465765,691240,0.3125,1
13458706,99405,330410,0.625,3
20039589,96290,314475,0.8125,5
13458701,105685,365140,0.875,5
13459086,112110,395630,0.375,1
13459490,109645,396090,0.625,3
14068424,136465,445670,0.5625,2
14068333,134985,395560,0.75,4
13463095,38255,168960,0.4375,1
20034399,95,168390,0.375,1
14016656,115,236855,0.375,1
13464190,467145,684380,0.5625,2
20053518,459845,681520,0.625,3
14023964,458610,682590,0.6875,3
13463840,467930,682785,0.5,2
14045353,459600,678755,0.625,3
13462680,469285,690065,0.5,2
14066450,446840,667530,0.375,1
13465170,1705,106095,0.4375,1
13448571,6155,138565,0.5625,2
13454300,6545,130130,0.9375,5
13454223,6490,125380,0.8125,5
13458939,30305,196420,0.6875,3
13459105,30810,205940,0.625,3
30110123,26680,200605,0.6875,3
14017319,215200,586615,0.5625,2
14041786,215795,600255,0.4375,1
30011648,88820,310295,0.75,4
13459095,99910,327545,0.8125,5
20161259,83240,302210,0.75,4
30011643,95315,316470,1.0,5
13459286,74090,299255,1.0,5
13459332,75490,297135,0.8125,5
13459499,60740,270895,0.6875,3
14198790,19060,140065,0.875,5
13461880,22410,132385,0.625,3
13455344,10700,230920,0.4375,1
13456236,136965,299575,0.25,1
13456403,143340,363105,0.375,1
13456093,191070,366215,0.375,1
13455768,190745,360260,0.1875,1
30104877,190255,404030,0.5,2
13459904,56055,208270,0.625,3
30096269,118000,444325,0.5,2
13459293,141945,456390,0.3125,1
13458688,110470,439335,0.375,1
13458571,106090,438445,0.8125,5
14066916,87715,439015,0.4375,1
13457758,129325,366965,0.4375,1
13457855,161305,444935,0.6875,3
30109208,82865,408455,0.75,4
30109205,83120,411440,0.75,4
30069954,185200,419190,0.625,3
13457301,191145,409250,0.625,3
13456732,140980,287475,0.5625,2
13456352,140870,299840,0.1875,1
14630495,275,24140,0.4375,1
14642969,215,30590,0.4375,1
30062583,170,33050,0.5,2
14249067,330,38630,0.5,2
13456913,66535,192070,0.6875,3
13457100,77390,256745,0.625,3
13456841,73235,226260,0.6875,3
13456655,85820,239145,0.3125,1
13456974,71890,262700,0.3125,1
13457093,128490,309375,0.4375,1
13457257,153335,351800,0.5,2
13458077,112185,345645,0.1875,1
13458166,69640,302110,0.4375,1
13457998,75245,293380,0.6875,3
14049208,88185,276095,0.3125,1
13460842,74405,270300,0.4375,1
13460898,59650,187235,0.4375,1
13460693,67475,204465,0.3125,1
13460329,67005,205010,0.6875,3
14016197,49940,170705,0.375,1
13455471,190975,362905,0.5,2
13455229,13305,353805,0.8125,5
30110516,10170,305270,0.625,3
13455217,171550,307310,0.25,1
13454552,10305,266535,0.125,1
13454166,10380,266915,0.3125,1
13454397,10245,295175,0.5,2
13454529,10310,298665,0.5,2
13454355,13235,291710,0.25,1
13467206,82040,184435,0.5,2
13460682,36470,90180,0.4375,1
30105955,32145,86035,0.5,2
14016096,38420,95805,0.375,1
13461001,38760,95805,0.3125,1
14050707,38895,95210,0.375,1
13461120,39935,98670,0.3125,1
14016153,39535,95700,0.375,1
14232816,39585,99635,0.25,1
13456629,72670,293705,0.625,3
13456571,73040,278600,0.25,1
13456284,71800,268365,0.3125,1
14043358,82735,578900,0.4375,1
30102037,82660,592615,0.375,1
30056943,13190,305980,0.4375,1
13454580,13315,272585,0.25,1
13454237,13335,280270,0.1875,1
30099403,13285,240535,0.1875,1
13453856,13385,266585,0.1875,1
13453412,13300,246050,0.25,1
13453237,13120,246970,0.25,1
14036765,9820,256275,0.375,1
13452824,10090,232130,0.5625,2
13452310,10210,214905,0.5625,2
13452684,10380,219125,0.3125,1
13452998,10310,216920,0.1875,1
13455383,119410,257800,0.25,1
13455604,120160,259630,0.1875,1
13455519,114930,258190,0.1875,1
13464577,2335,84575,0.4375,1
30104451,45460,151500,0.75,4
30104420,45300,152690,0.6875,3
13459804,52280,159595,0.25,1
13459698,51380,159410,0.4375,1
13459778,47790,163615,0.375,1
13459837,56475,188780,0.4375,1
13459508,56965,191030,0.5625,2
13459695,56525,198200,0.4375,1
13460228,71510,223915,0.625,3
13459842,74895,247640,0.4375,1
13459665,60995,203220,0.375,1
13460417,66730,296760,0.6875,3
20061309,110940,301055,0.625,3
20061699,159360,324010,0.6875,3
13460902,40005,99525,0.4375,1
14016320,38820,106280,0.8125,5
13461336,41145,104525,0.8125,5
30066199,167730,354025,0.625,3
30113709,196430,369605,0.6875,3
13463557,196375,373745,1.0,5
14013219,187715,404495,0.6875,3
13464354,184925,397905,0.5625,2
30024410,137910,318350,0.625,3
13453164,10315,214465,0.1875,1
13452959,10320,227225,0.1875,1
13453471,10190,219090,0.1875,1
14046893,455035,692595,0.4375,1
13464193,479385,691835,0.5,2
14048605,50,400430,0.5,2
13463294,50,432800,0.3125,1
30108292,38170,518130,0.5,2
13463035,39835,516875,0.25,1
13462414,41010,454275,0.3125,1
20052418,65,51050,0.6875,3
14658975,50,62030,0.75,4
20050706,0,69495,0.6875,3
20050850,0,70205,0.625,3
13465539,199650,546195,0.5625,2
14064190,126205,547410,0.375,1
13443707,3860,79635,0.6875,3
13462040,21750,120850,0.625,3
14069700,26090,115840,0.5625,2
30021602,175,44890,0.6875,3
13467250,397580,623495,0.375,1
13467149,407965,633455,0.4375,1
14050638,408265,643255,0.4375,1
14013974,134710,535350,0.3125,1
14063282,120995,397275,0.5,2
14013951,104385,358465,0.375,1
14051334,88780,355615,0.5625,2
13465386,121760,354305,0.25,1
20004100,103070,258035,0.5,2
14673983,103070,245795,0.375,1
14044894,101225,290330,0.5,2
14014805,85765,307325,0.5,2
13464439,72170,243280,0.4375,1
13464255,72070,258400,0.5,2
13463832,27120,190975,0.75,4
13462719,25340,165085,0.5625,2
30042014,31040,401185,0.5625,2
13468215,40645,542770,0.375,1
20091536,18990,168160,0.75,4
13463482,137160,286070,0.75,4
13464736,104215,388615,0.5,2
13466106,206365,570130,0.5,2
13466284,200840,556505,0.6875,3
14042002,360,612400,0.5,2
30088280,125495,606075,0.375,1
13464178,2935,108495,0.3125,1
13466313,52580,165665,0.25,1
30109109,52980,158620,0.25,1
13466479,50810,166200,0.3125,1
14014986,46835,139590,0.125,1
14014962,43055,136810,0.3125,1
13467441,172310,609950,0.4375,1
14041968,134715,626105,0.6875,3
14018669,183055,625740,0.6875,3
14018686,211330,627345,0.5625,2
14018769,342165,629560,0.5,2
14020452,344770,633710,0.75,4
14039040,347835,637975,0.5625,2
13453859,2740,19975,0.5,2
30032676,2965,20310,0.5625,2
13441735,275,49395,0.6875,3
13460839,362245,672940,0.4375,1
13449868,1755,45585,0.75,4
30105068,330,104985,0.6875,3
13464387,462095,683665,0.5625,2
13450951,1885,92090,0.8125,5
30069732,1885,93580,0.5625,2
13457918,625,98635,0.5,2
14610712,6545,108600,0.75,4
13451291,1885,86250,0.875,5
13459901,65370,283765,0.75,4
13452667,110,101620,0.6875,3
13452220,110,117545,0.6875,3
13451568,250,93945,0.75,4
14235151,205,89180,0.6875,3
13461076,100705,301125,0.3125,1
13451901,110,102840,0.75,4
13445235,6295,75935,0.6875,3
13460206,172350,577900,0.5,2
14253136,214970,622420,0.5625,2
20039578,105640,366895,0.75,4
14071807,129955,361260,0.6875,3
13464926,1745,135075,0.8125,5
13457452,71865,216485,0.5625,2
13459654,125735,315450,0.625,3
13459480,125925,318215,0.8125,5
13459525,63690,279785,0.625,3
13459855,55515,205990,0.6875,3
13455649,89895,333460,0.25,1
13459624,120510,441620,0.6875,3
13457486,146290,338130,0.375,1
13453362,13290,234565,0.25,1
13452966,13290,209565,0.25,1
13452157,10330,216200,0.25,1
13460198,59725,306005,0.75,4
13460736,111550,305090,0.625,3
14048428,144310,300120,0.8125,5
30029790,330,55715,0.6875,3
13461932,25485,123625,0.625,3
13465290,117810,365135,0.5625,2
13462383,24635,165170,0.5,2
13462180,19125,182120,0.625,3
14039529,220145,626740,0.5,2
14039735,193140,635900,0.5625,2
14038934,385440,643160,0.5,2
13466728,373815,644400,0.5,2
20031084,442650,647915,0.4375,1
13466188,439790,646910,0.75,4
13466286,438915,652785,0.5,2
14040507,439555,653390,0.625,3
13467559,3830,87140,0.375,1
13467126,375725,646500,0.4375,1
20062055,71165,565870,0.625,3
30089086,49505,168395,0.5625,2
13467691,51225,156795,0.25,1
14040557,54630,162180,0.3125,1
14040607,53580,151720,0.5625,2
13466974,54260,194835,0.25,1
13467143,81980,184295,0.375,1
30093849,82455,204810,0.4375,1
13466375,87170,212765,0.375,1
13466874,90605,212370,0.3125,1
14043832,105500,336180,0.5625,2
20078689,65660,376030,0.5625,2
14015491,61210,364355,0.75,4
14013475,215435,441995,0.5,2
13462894,226325,443590,0.6875,3
14013394,227325,442500,0.5625,2
14047255,227320,442850,0.75,4
13466109,10955,120400,0.3125,1
13466397,10955,123675,0.1875,1
13465915,10650,121100,0.375,1
13463583,143555,299780,0.75,4
13463131,138580,309140,0.6875,3
13463323,130760,292975,0.6875,3
13466052,443655,656585,0.5625,2
14019186,434975,654450,0.625,3
20079175,434775,654905,0.6875,3
14039611,415285,656455,0.625,3
13463884,473790,692780,0.5,2
30106787,454930,691040,0.4375,1
13463859,463895,699360,0.5,2
13463692,466525,692025,0.4375,1
30101551,449455,697640,0.375,1
13463576,449470,691985,0.375,1
20042922,451930,696765,0.5625,2
20037354,459465,696575,0.5,2
14011866,466695,688285,0.5625,2
13464309,456985,686580,0.5625,2
30039582,450450,687460,0.5,2
13462079,443010,703215,0.375,1
30002253,3815,91730,0.6875,3
13464421,2405,80690,0.1875,1
13463716,245,61465,0.3125,1
13448944,1455,57010,0.75,4
14070222,60,123625,0.6875,3
13451977,625,134440,0.6875,3
30096243,415490,670410,0.75,4
13465670,420865,666330,1.0,5
14003509,234530,485125,0.625,3
14003514,233950,463295,0.5625,2
13462861,359815,629405,0.4375,1
30015059,355700,604850,0.5,2
13462431,366815,660325,0.4375,1
13462549,400900,667880,0.625,3
14003648,406475,684010,0.375,1
13442792,1415,67675,0.6875,3
30044160,1355,69425,0.75,4
13462334,37935,279325,0.6875,3
14015418,50520,294875,0.6875,3
13441843,275,59545,0.6875,3
20167772,275,49600,0.75,4
13442895,300,54465,0.625,3
13442833,300,54065,0.6875,3
30103150,330,143805,0.75,4
13449502,255,131950,0.375,1
13443210,3910,84830,0.625,3
13443112,3910,85425,0.6875,3
13443522,3865,88085,0.75,4
13451121,95,145465,0.5625,2
13467946,10765,110435,0.4375,1
13466517,10895,115840,0.5625,2
13466132,2185,101290,0.4375,1
13465823,2730,116415,0.375,1
13449753,335,130835,0.625,3
13463783,2955,86820,0.25,1
13464700,2885,108040,0.5,2
13464762,2120,90125,0.4375,1
13465449,2300,101135,0.1875,1
13465602,2305,96545,0.1875,1
13464853,2320,89730,0.375,1
13465158,2285,83460,0.4375,1
30000901,225,38980,0.6875,3
13446664,4530,125955,0.5625,2
13446439,6215,113285,0.3125,1
13465189,2865,111130,0.1875,1
13465279,2620,112995,0.5,2
13464811,3000,113680,0.6875,3
30070569,1200,94980,0.625,3
13466409,2355,72740,0.4375,1
13466526,2355,75260,0.25,1
20052734,2330,79305,0.3125,1
13455945,65,89490,0.625,3
13445270,1265,99250,0.9375,5
13445153,1725,105705,0.6875,3
13465062,2065,56630,0.625,3
13465563,2280,58470,0.4375,1
13466091,2405,61875,0.4375,1
13466605,2320,70255,0.6875,3
13466942,2405,73545,0.5,2
30004315,1840,66655,0.625,3
13455122,1885,71810,0.75,4
13446090,120,46020,0.9375,5
13446404,285,44360,0.6875,3
13446846,200,48355,0.6875,3
13446500,275,47605,0.75,4
13447404,45,44960,0.75,4
14191391,3850,90420,0.5,2
13444904,3910,95425,0.625,3
13444667,3780,87980,0.5,2
13446788,1290,19455,0.5625,2
13447723,525,7480,0.5,2
13443770,3830,93855,0.75,4
13443456,3910,85705,0.75,4
13444126,3910,89930,0.625,3
13444879,1715,98765,0.75,4
13445788,660,114020,0.875,5
13446125,450,123045,0.8125,5
13446369,660,113245,0.75,4
13446257,660,114350,0.875,5
13452569,445,108990,0.625,3
13446232,210,93980,0.5625,2
13446418,310,114580,0.5,2
13444568,575,62995,0.75,4
13445352,485,69480,0.5625,2
30000637,3910,75355,0.625,3
30004698,2125,105020,0.6875,3
13449258,2140,116660,0.5625,2
30101130,535,74005,0.6875,3
13445614,575,69980,0.5,2
13445886,490,85990,0.75,4
13446319,575,103060,0.875,5
13443956,3850,78070,0.75,4
13444233,3910,77215,0.6875,3
13444686,150,84375,0.6875,3
13450803,115,130155,0.6875,3
13449932,340,119860,0.625,3
13450141,415,122045,0.5,2
13450755,340,126150,0.5625,2
30033633,200,102155,0.5625,2
13448623,6625,150995,0.25,1
13447919,6310,132890,0.5,2
13447543,6680,128275,0.5,2
13446721,6770,99270,0.4375,1
13462707,40290,450415,0.5625,2
13462186,42325,305195,0.375,1
13461791,44775,277175,0.5,2
13461602,48105,292795,0.5625,2
13461912,42935,333365,0.3125,1
14051017,67405,490820,0.5,2
14022213,72370,538300,0.5625,2
20036287,85085,575925,0.75,4
14050813,119600,549615,0.8125,5
13446854,6235,120725,0.5625,2
13446539,6260,121965,0.625,3
13462966,133760,619255,0.75,4
30040929,359200,636615,0.4375,1
13462171,224785,637030,0.5,2
14676060,360530,659535,0.625,3
13462188,212805,617050,0.5625,2
14051314,211795,614595,0.3125,1
14051053,189460,610290,0.3125,1
13462678,143700,603025,0.3125,1
14045515,187650,610525,0.5625,2
13446818,380,99990,0.75,4
30095985,370,114885,0.6875,3
13446821,370,116925,0.5625,2
13457993,0,108770,0.625,3
13457887,41245,121255,0.75,4
13457888,47625,120430,0.75,4
13458178,47840,122815,0.8125,5
13459292,42575,110085,0.5,2
13459233,41305,131965,0.5625,2
30078477,218670,632510,0.5,2
14039290,442580,670505,0.5625,2
14039394,425560,648930,0.4375,1
14039080,425640,648020,0.5,2
14039119,425640,660055,0.5,2
30057164,396665,653750,0.375,1
14018272,416645,651940,0.5,2
13465080,345720,635690,0.5625,2
13446616,325,111860,0.6875,3
13446426,6150,112620,0.6875,3
20042159,43270,138355,0.625,3
13457071,45065,124200,0.5625,2
13456550,41835,129370,0.375,1
30111685,139685,586945,0.6875,3
13459644,142970,584935,0.5625,2
13459724,141280,445200,0.8125,5
13459261,0,452550,0.625,3
20042046,60,449140,0.625,3
20041853,60,459300,0.5,2
13463869,456965,679170,0.4375,1
14020141,449240,676985,0.375,1
13464155,429250,669640,0.375,1
13464326,443375,676420,0.375,1
13464537,429355,674330,0.625,3
30111580,410225,659910,0.6875,3
30026558,406305,656640,0.5,2
13451776,0,92640,0.75,4
30004695,2215,104865,0.6875,3
13466748,393815,633650,0.6875,3
13466896,393755,622140,0.4375,1
13466789,269905,538260,0.4375,1
14676278,437380,661540,0.75,4
30110705,436755,660430,0.4375,1
14012781,344180,625980,0.6875,3
13462246,465910,689780,0.5,2
13462617,471975,699055,0.5625,2
13446907,1290,30895,0.5625,2
13458785,0,439385,0.375,1
14063969,135590,554135,0.5,2
13462589,130985,553200,0.75,4
13466228,102740,231355,0.625,3
13452313,1830,67695,0.6875,3
13452457,1830,68510,0.75,4
13455694,66110,229370,0.3125,1
20040596,1830,70315,0.625,3
13455030,1885,67885,0.5,2
14171759,5265,78280,0.6875,3
13456742,6180,80275,0.375,1
13457127,5935,81920,0.5,2
13456763,6130,80810,0.625,3
13457347,68985,202385,0.5625,2
13459808,145125,583710,0.8125,5
13460606,1530,103970,0.875,5
30004686,1725,132465,0.8125,5
13448665,0,128590,0.75,4
13448768,0,126990,0.6875,3
13449300,2215,129895,0.5625,2
13462718,465385,715775,0.5625,2
13461387,74525,328525,0.9375,5
14017874,377505,641570,0.75,4
13451208,560,129360,0.9375,5
13451526,490,129190,0.625,3
13451898,620,122825,0.625,3
13451658,555,132030,0.8125,5
13451509,590,143290,0.75,4
13451160,135,140425,0.875,5
13450986,250,115265,0.8125,5
13451101,1510,129035,0.5,2
30044654,550,80400,0.75,4
30044694,355,62735,0.6875,3
14022962,116465,590170,0.625,3
13462878,116405,594755,0.625,3
13445637,195,78835,0.75,4
13445085,280,68450,0.8125,5
30093127,3295,140220,0.6875,3
13454304,18105,128725,0.6875,3
13455475,36210,125230,0.6875,3
13455708,35370,123295,0.5625,2
13456423,34100,124990,0.625,3
13456875,38775,123210,0.625,3
13457236,0,109285,0.625,3
13457396,55,109235,0.5625,2
14018085,1320,644315,0.8125,5
14018228,1270,638870,0.75,4
14040671,1325,638460,0.8125,5
13466800,1250,640985,0.8125,5
13459055,49730,133820,0.5,2
13459426,51065,149760,0.3125,1
13459029,49785,147470,0.4375,1
30107025,49720,156080,0.3125,1
13458788,51115,168715,0.4375,1
13458717,51025,170840,0.5,2
20042391,52225,195660,0.5,2
13459351,67485,240380,0.3125,1
13452208,2830,133135,0.6875,3
13452235,2740,132915,0.5,2
13452073,2830,129650,0.375,1
14039591,450260,673870,0.5625,2
14040527,453420,672255,0.375,1
14036494,395505,641180,0.625,3
13466532,439700,645855,0.5,2
14049879,227340,436370,0.5625,2
14048293,150615,311220,0.625,3
13462723,29150,283720,0.6875,3
30112242,1500,57055,0.75,4
13449022,1755,55685,0.8125,5
13449414,1755,46845,0.75,4
14048119,358680,601250,0.75,4
20045907,43980,273060,0.625,3
13450420,55,134060,0.4375,1
13464501,2960,94790,0.625,3
13465838,2405,59275,0.625,3
13442242,3430,81540,0.75,4
13446723,285,46830,0.8125,5
13446237,660,121735,0.75,4
13446609,660,122380,0.75,4
13446270,310,109500,0.5625,2
13446541,6730,124630,0.5625,2
13444506,510,63915,0.75,4
13444859,575,68905,0.875,5
30038859,2140,125650,0.375,1
13450247,415,123805,0.8125,5
13446296,6770,132385,0.75,4
13459067,42715,113765,0.625,3
30103834,390215,650130,0.625,3
13457286,47170,127120,0.375,1
13457837,47490,130365,0.75,4
30079630,413065,667715,0.6875,3
14063469,344595,634205,0.625,3
13448036,0,33525,0.625,3
13451272,0,90075,0.75,4
13452735,1885,71865,0.75,4
30003923,1885,72065,0.625,3
13456931,6180,75670,0.5,2
13456602,6180,79150,0.5625,2
14050809,130935,553210,0.625,3
13456050,37910,126055,0.25,1
13456276,36700,124440,0.4375,1
13457253,40810,126885,0.6875,3
13457031,0,124930,0.8125,5
13449497,165,130745,0.6875,3
13450045,165,134155,0.6875,3
13459272,49785,146580,0.4375,1
30063657,410250,658750,0.8125,5
30096280,456995,677060,0.4375,1
14039932,455080,675220,0.5625,2
13456411,39975,129795,0.6875,3
20080615,3700,149635,0.8125,5
13455969,3735,163005,0.75,4
14022783,135225,599410,0.5625,2
14024244,137605,613990,0.5625,2
13463681,130730,603295,0.875,5
14046825,130665,606705,0.5625,2
13463804,130600,606155,0.5625,2
20061911,117095,615320,0.75,4
13463369,136365,615120,0.75,4
14024914,139240,619520,0.875,5
20053607,404060,634750,0.5625,2
14045569,402670,630805,0.5625,2
14672941,411260,654795,0.625,3
13464748,200815,553440,0.375,1
13464651,217200,572015,0.6875,3
14673159,190940,400990,0.6875,3
13464578,216930,570445,0.75,4
14013608,347380,596720,0.625,3
13444359,3780,64425,0.5,2
13444600,3910,73205,0.5625,2
13444389,3910,62535,0.6875,3
13444164,180,57450,0.8125,5
13444003,345,57005,0.5625,2
30104086,85,54005,0.8125,5
13458573,50215,267890,0.625,3
13458368,44710,207180,0.625,3
14046321,414840,675925,0.375,1
14004181,402800,676760,0.5625,2
13464224,396430,669025,0.625,3
14011335,388875,644915,0.625,3
14063716,357145,641215,0.75,4
13464744,383430,639765,0.5625,2
13464703,385675,649175,0.625,3
30103825,390415,654750,0.5625,2
14671615,386295,655595,0.5625,2
13464778,388515,655950,0.875,5
14011429,410225,652585,0.75,4
14019972,459295,678820,0.5,2
30107824,468315,683060,0.6875,3
30037677,474700,681145,0.5,2
14021734,475865,683125,0.6875,3
30104518,479480,692835,0.5625,2
13463756,478225,694825,0.625,3
13464053,480605,692375,1.0,5
13463496,474535,692430,0.5625,2
13465582,414640,656190,0.5625,2
30097611,410345,664150,0.625,3
14023976,414180,668505,0.5,2
13465366,436050,674420,0.8125,5
13466245,397720,659045,0.5,2
30097896,406595,658005,0.5625,2
13466738,394920,632290,0.75,4
13443582,290,56675,0.75,4
30104078,345,58080,0.75,4
13451455,12635,93075,0.8125,5
13455861,60,93230,0.75,4
13464034,64440,579310,0.75,4
13463995,64880,580945,0.5,2
13447048,60,112630,0.875,5
13445185,620,95275,0.6875,3
13451158,1255,49810,0.75,4
13444543,1100,75360,0.875,5
30103088,22725,144155,0.8125,5
13459096,459565,700030,0.5,2
13442163,330,47795,0.75,4
13457920,36405,93255,0.75,4
13448028,195,110180,0.8125,5
13447182,0,44130,0.9375,5
14039046,432240,663835,0.6875,3
13456086,63635,182660,0.625,3
13456087,66765,195060,0.75,4
30105644,66635,203890,0.75,4
13456477,64650,195695,0.8125,5
13456363,7600,161825,0.8125,5
13456817,9790,178455,0.75,4
13457265,18855,167970,0.75,4
13456809,16640,160635,0.8125,5
13456717,12390,173375,0.625,3
14019174,413325,664555,0.5625,2
13466036,650,667995,0.8125,5
14041302,3505,670690,0.75,4
14019203,435420,647040,0.4375,1
30036901,33435,638465,0.625,3
13458577,67235,328660,0.5625,2
13459143,75045,334395,0.4375,1
13459516,137010,441480,0.5,2
13463420,94630,590500,0.625,3
30063377,500,649440,0.8125,5
13466795,1285,647925,0.8125,5
14019656,1455,644545,0.75,4
14673705,383260,631965,0.375,1
13467713,36200,633270,0.6875,3
13467632,38865,632790,0.4375,1
13467330,1025,640845,0.625,3
14018133,1305,641365,0.5,2
30104631,434080,687780,0.5625,2
20030819,37730,139770,0.5625,2
13463212,37525,134385,0.375,1
13463161,36445,99455,0.5,2
13462451,37470,92430,0.375,1
13462457,36365,91100,0.25,1
13462030,36845,92325,0.3125,1
13462410,33810,83615,0.3125,1
13462998,27355,80960,0.5625,2
13461734,36300,90820,0.6875,3
13461972,33060,80525,0.5,2
13461309,29650,85720,0.375,1
13461835,22090,64685,0.4375,1
13466456,1125,654275,0.75,4
13466041,3825,666310,0.5,2
13465777,3670,670835,0.75,4
13465769,447200,671615,0.625,3
14022723,453095,673960,0.6875,3
14020579,444240,669275,0.75,4
14041195,445040,668095,0.75,4
13450065,1755,49135,0.6875,3
13460464,33960,90955,0.5,2
13459960,30275,87490,0.4375,1
13459868,22640,83460,0.375,1
13460165,2750,82185,0.5625,2
13460067,2735,76055,0.4375,1
13459703,2670,83090,0.6875,3
13458642,2815,81055,0.5625,2
13458686,2745,80580,0.4375,1
13459862,141725,439110,0.5625,2
13459742,137500,431480,0.5,2
13460619,146425,437475,0.625,3
13459885,131915,421815,0.5,2
13459434,79895,328710,0.4375,1
13459584,72760,295910,0.375,1
13460058,122525,304800,0.4375,1
13461059,142575,392235,0.5625,2
13461176,148575,415665,0.5,2
14003855,409370,714035,0.5625,2
13461760,375,709005,0.375,1
13461400,610,707735,0.375,1
13462234,445,695380,0.5,2
30101574,224265,562980,0.625,3
20062071,392095,674650,0.625,3
14045272,400615,678275,0.6875,3
13462789,421395,690150,0.6875,3
13462667,416745,689540,0.75,4
13462405,420455,694320,0.3125,1
13462917,428825,698065,0.75,4
13463594,448610,690305,0.4375,1
14012233,446610,686685,0.5625,2
13463718,449120,689600,0.625,3
13464362,449900,681030,0.75,4
30017478,440040,669610,0.75,4
13465759,449225,662750,0.8125,5
13465400,462350,669645,0.8125,5
13465592,456940,671775,0.5625,2
14066189,467690,678920,0.5625,2
14022582,457640,673325,0.75,4
20154511,466355,679355,0.5625,2
20033353,388525,643590,0.625,3
13464922,429955,662915,0.6875,3
14045085,418990,664885,0.5,2
14066055,425830,669105,0.5625,2
13464831,442445,671540,0.5625,2
13464767,446370,679175,0.6875,3
14039781,450330,665980,0.4375,1
14020535,448395,664385,0.5625,2
14019950,454605,673620,0.8125,5
14040613,452395,668390,0.625,3
14040132,444055,657230,0.6875,3
14019704,443320,655210,0.5625,2
20033889,448360,655900,0.5,2
13465804,443985,655350,0.6875,3
14018392,388600,646405,0.3125,1
13466246,388790,649030,0.6875,3
13466151,380325,645640,0.5,2
14039105,387155,652625,0.5,2
14038994,380380,642680,0.625,3
14019016,343200,643825,0.6875,3
14041705,223260,646195,0.75,4
13466731,216175,637245,0.6875,3
13466616,351870,637510,0.75,4
13467052,166165,636080,0.6875,3
14042015,216040,629295,0.8125,5
13463660,478325,694345,0.6875,3
13463174,474180,703375,0.625,3
30058485,0,63080,0.6875,3
20052327,135,76405,0.5625,2
13452202,70,95750,0.75,4
30060681,440,99485,0.75,4
13443497,830,77425,0.75,4
13464903,457335,678565,0.5,2
14040395,469115,686275,0.375,1
13452133,12615,107805,0.75,4
13463024,471965,702170,0.4375,1
14046935,471550,693860,0.375,1
13463540,456450,694295,0.4375,1
13463165,465960,695090,0.5625,2
13463678,477645,694600,0.5,2
13462986,472875,696840,0.5625,2
30080502,49595,147800,0.6875,3
13442537,255,40060,0.625,3
13443429,150,54070,0.75,4
14018158,30765,638165,0.4375,1
13467063,30375,639270,0.4375,1
13467360,340605,636455,0.375,1
30081906,10150,98640,1.0,5
20035776,35550,132670,0.4375,1
13463427,37535,139705,0.5625,2
13453923,0,96530,0.75,4
13450670,380,97085,0.8125,5
13450784,575,101595,0.6875,3
13461596,24030,80795,0.4375,1
13460995,25855,85240,0.25,1
13456598,930,77355,0.5625,2
13456917,685,78885,0.6875,3
13449867,430,90180,0.75,4
13451447,275,80300,0.8125,5
14039827,342515,638925,0.625,3
14018811,342515,639530,0.6875,3
14020465,347480,639305,0.4375,1
14019394,30375,643715,0.625,3
14018527,213525,632020,0.5625,2
14018597,210195,627775,0.5625,2
14040088,209555,626505,0.3125,1
13467747,193165,622780,0.4375,1
30035786,166120,606730,0.4375,1
14659929,270,566245,0.4375,1
13462529,300,58270,0.5625,2
20054956,403485,691400,0.875,5
13454089,95,92365,0.625,3
13454260,0,93670,0.5625,2
13455094,1095,94340,0.4375,1
13455989,795,89280,0.75,4
20146785,70,92195,0.4375,1
13457823,385,85455,0.8125,5
13458105,495,96765,0.8125,5
13458293,155,83495,0.5625,2
13459008,2590,86585,0.4375,1
13458811,39245,101465,1.0,5
13458451,38980,99260,0.6875,3
13457616,930,76205,0.6875,3
13455733,0,107975,0.625,3
13456715,0,124630,0.875,5
13462051,418765,694915,0.5,2
14003722,401755,690375,0.625,3
13462063,397765,677915,0.5625,2
13462169,389845,668995,0.4375,1
14003548,363310,641790,0.5625,2
14044996,226725,461800,0.625,3
13460322,177695,398520,0.625,3
13460352,174580,370355,0.75,4
13460263,153720,329510,0.6875,3
13442788,3860,83625,0.625,3
13442253,3430,82495,0.75,4
13442280,3430,82615,0.75,4
13444936,3910,95875,0.4375,1
30065231,3910,95780,0.4375,1
13442415,0,70565,0.875,5
13444474,3840,89795,0.5625,2
13444370,3910,94090,0.625,3
13444109,0,73875,0.5625,2
13444868,45,91145,0.6875,3
30058462,135,54915,0.5625,2
13447340,6255,129590,0.6875,3
13449001,70,151245,0.5,2
30062563,0,67455,0.625,3
13446433,2305,119640,0.75,4
13446238,2645,99995,0.875,5
13446165,3910,82690,0.625,3
13445744,2605,78325,0.75,4
14659918,56765,550745,0.4375,1
14046035,126140,601375,0.625,3
13457609,0,110765,0.625,3
14050309,346515,620175,0.75,4
13464553,351410,627720,0.75,4
13459020,63165,228590,0.5,2
13459241,71655,278100,0.5625,2
14022059,460605,679205,0.5625,2
13465284,412115,661300,0.75,4
13441830,255,35635,0.625,3
14051102,53655,575015,0.5625,2
13442517,330,59545,0.6875,3
13457161,10210,178400,0.625,3
13458999,87560,403550,0.5,2
30094230,120390,391620,0.375,1
13463295,68270,579545,0.4375,1
20119871,74305,581705,0.625,3
13463771,68790,584885,0.5625,2
13466854,1285,645105,0.75,4
13459560,22890,84915,0.25,1
13460348,142625,429710,0.4375,1
13460202,137590,409265,0.375,1
13460808,144525,411990,0.3125,1
14004094,426405,690430,0.5625,2
14066131,446955,686215,0.5625,2
30105341,411820,659735,0.625,3
14011372,419050,665865,0.6875,3
13441846,255,35440,0.6875,3
13441853,255,35540,0.5625,2
14020009,461960,681375,0.5,2
13442143,0,67350,0.75,4
13441920,255,42320,0.625,3
13441999,255,35635,0.5625,2
13442101,255,35635,0.625,3
13453591,0,106605,0.5625,2
13450678,12785,98015,0.75,4
13450884,12785,97570,0.75,4
13450713,575,99175,0.5625,2
13462148,420,57375,0.5625,2
13455625,930,91170,0.875,5
13456020,24575,121420,0.5,2
13460627,181865,404000,0.8125,5
13460327,172020,370255,0.5,2
13445335,3910,93095,0.3125,1
13444263,3910,85920,0.8125,5
13443905,3910,82510,0.75,4
13448528,80,118495,0.5,2
13442360,0,71175,0.625,3
13445973,3910,82090,0.625,3
14039723,451905,655825,0.625,3
13449644,415,103295,0.8125,5
13449966,520,100855,0.5625,2
13445305,235,72495,0.8125,5
13452588,12590,105110,0.8125,5
13452651,12725,107275,0.75,4
13453236,12785,105665,0.6875,3
13453568,12510,99410,0.8125,5
13444684,575,69750,0.8125,5
30093673,2545,77740,0.5625,2
13445358,3705,84340,0.75,4
13463601,2405,55355,0.5,2
13450323,12475,99510,0.8125,5
20034036,223555,602250,0.5,2
13461539,364055,670410,0.25,1
20098080,360015,660645,0.6875,3
13463645,218550,634490,0.3125,1
13455624,885,97075,0.625,3
13456286,760,80960,0.6875,3
13454732,175,106510,0.6875,3
13454520,175,91180,0.6875,3
13449610,410,101310,0.8125,5
13449873,555,97080,0.6875,3
30102604,60,619450,0.625,3
13460204,213970,634350,0.75,4
13460365,220945,636435,0.8125,5
13460564,241820,670785,0.625,3
14666070,39065,102310,0.75,4
13458219,38905,98465,0.6875,3
13975546,110,105885,0.5,2
13453695,60,100550,0.8125,5
13453929,115,96030,0.75,4
30060227,135310,540560,0.8125,5
13461112,46130,211565,0.5,2
30098652,43575,202085,0.3125,1
13461192,43765,157975,0.5,2
13460827,43720,149740,0.375,1
14673372,43110,120615,0.75,4
14016235,42935,128305,0.5625,2
13461067,42625,115445,0.375,1
13461645,41885,158045,0.5625,2
13455056,23130,123755,0.5625,2
13456588,125,88500,0.6875,3
13444805,915,8325,0.5,2
30110397,750,11320,0.5625,2
13444993,900,11140,0.4375,1
13445147,955,8365,0.375,1
20051251,900,7335,0.5,2
30009386,1440,63670,0.5,2
13469248,10955,135930,0.5625,2
13468691,10875,109865,0.75,4
13457066,50345,150340,0.375,1
13448979,525,26585,0.5,2
30093720,180,46605,0.8125,5
13454226,2495,50710,0.3125,1
13468543,10925,119570,0.75,4
13468880,11055,127045,0.8125,5
13451340,60,39880,0.6875,3
13453745,2870,42320,0.625,3
13454205,1095,39880,0.8125,5
30003753,70805,251110,0.75,4
13457062,49280,150110,0.25,1
13458397,32470,104620,0.8125,5
13457813,41135,120430,0.6875,3
13458684,41020,109245,0.875,5
30072821,41090,109715,0.75,4
30063616,41305,109075,0.8125,5
13442648,40,17165,0.75,4
13468812,11015,124435,0.3125,1
13469186,11005,126835,0.5,2
13468882,11055,114240,0.5,2
13469115,10590,100205,0.5,2
13468498,10895,116625,0.25,1
13468067,10995,108950,0.25,1
30090356,11055,113570,0.8125,5
30094977,10880,122310,0.4375,1
13466957,1385,147835,0.4375,1
13467411,50230,156900,0.1875,1
13467842,47025,158970,0.375,1
13466656,48315,165015,0.4375,1
13466726,1310,154540,0.4375,1
13442574,40,21385,0.8125,5
13457126,13210,153025,0.6875,3
13452008,10230,201535,0.6875,3
13459930,140310,636320,0.75,4
13452858,1835,70970,0.625,3
30105752,187235,417925,0.625,3
30105741,189235,425130,0.5,2
13456322,243310,450305,0.5,2
13456723,254710,462850,0.4375,1
13456462,229960,426620,0.25,1
13444560,685,11120,0.5,2
13444685,955,11390,0.5,2
13452020,280,144300,0.375,1
30033071,690,146645,0.75,4
13451782,2770,122245,0.8125,5
30110931,9895,141380,0.8125,5
20040659,6770,133445,0.5,2
30097530,6640,133650,0.6875,3
20040670,1115,141515,0.5625,2
30015597,280,140460,0.5625,2
13446802,330,129555,0.5,2
30109081,235,147930,0.6875,3
13444446,3665,93260,0.8125,5
20041896,40835,120650,0.75,4
13462253,416290,682220,0.4375,1
14048025,424980,686730,0.75,4
20141013,25940,128140,0.75,4
13463344,1545,119985,0.6875,3
13466276,126065,352510,0.75,4
13465701,125585,352665,0.4375,1
14130350,463795,687465,0.5,2
13442798,935,58100,0.5625,2
13443155,1060,71705,0.75,4
13443098,915,70360,0.5625,2
13443283,1060,70740,0.375,1
30053076,368155,716025,0.5,2
13461966,463020,712085,0.375,1
13443980,2060,70840,0.6875,3
20043793,1840,107920,0.6875,3
13444463,595,78265,0.6875,3
13444725,340,108750,0.6875,3
13445021,585,110770,0.6875,3
13444682,580,77650,0.6875,3
13444764,6280,91690,0.6875,3
13448096,6570,139040,0.75,4
13448231,6240,138570,0.8125,5
13451385,560,76500,0.8125,5
13451508,665,82600,0.6875,3
13451795,660,78130,0.75,4
13444230,6285,88905,0.75,4
13452931,595,70275,0.6875,3
13452116,720,71055,0.5625,2
13452087,720,72235,0.375,1
13451634,100,89350,0.8125,5
13450863,555,82955,0.8125,5
13450126,485,88195,0.5625,2
13450760,590,41605,0.5625,2
13451396,655,31470,0.4375,1
13445245,1600,107210,0.6875,3
30093540,1840,106805,0.75,4
13444350,705,84510,0.8125,5
13444429,705,88005,0.75,4
13445531,620,97870,0.625,3
13446251,6400,121775,0.6875,3
13446619,6255,138625,0.6875,3
13445750,0,76925,0.6875,3
30098873,125,84615,0.6875,3
30020622,865,87400,0.625,3
13447102,915,82900,0.625,3
30098888,55,85435,0.75,4
14021456,358385,669700,0.375,1
13448340,12680,99615,0.6875,3
20058466,50,686370,0.375,1
20059722,355,671085,0.5625,2
13447997,0,70215,0.6875,3
13448348,625,64505,0.625,3
13448427,700,65275,0.6875,3
30083511,620,59385,0.75,4
13449943,2090,33950,0.8125,5
30006116,143485,457040,0.3125,1
13463219,471295,700395,0.6875,3
30107143,472615,696180,0.5625,2
13463772,473245,695485,0.625,3
13463868,464400,685435,0.8125,5
20062041,186930,622365,0.8125,5
14045982,186510,624565,0.4375,1
20010471,745,631270,0.5,2
14043704,133825,664995,0.75,4
13464429,404600,666090,0.75,4
14025184,402650,643560,0.75,4
13464812,245,621900,0.5625,2
13463258,483300,702830,0.5,2
14046385,450135,685955,0.75,4
30017158,465940,706360,0.5,2
14041667,474475,682055,0.75,4
13464375,484225,693910,0.5,2
13464274,483265,692445,0.5625,2
13464231,478600,695725,0.6875,3
20034518,479605,693900,0.5,2
13463768,483560,697705,0.6875,3
14041507,480750,696360,0.5,2
30030178,480125,685435,0.6875,3
13463770,478450,694395,0.5,2
13464999,459310,680340,0.625,3
14673810,431245,673115,0.5,2
14066268,424680,669485,0.5625,2
14021058,425990,678620,0.5,2
13465339,419125,674955,0.6875,3
14047056,410775,672670,0.625,3
14023809,428910,681475,0.625,3
14023911,428445,677025,0.75,4
14024347,420960,669955,0.5625,2
14044726,422520,668065,1.0,5
14676139,436945,670610,0.6875,3
14046303,422865,674625,0.8125,5
13459969,133890,579550,0.625,3
13460621,164950,462095,0.5,2
13460578,169920,463225,0.625,3
13460944,141620,461740,0.625,3
13461215,192990,464330,0.6875,3
14068388,167225,449275,0.625,3
13461013,175300,367050,0.625,3
13460856,169885,337370,0.75,4
13461348,239980,441930,0.625,3
13461632,238655,439195,0.6875,3
13461542,237355,443300,0.625,3
13461895,153305,449150,0.5625,2
13461809,154640,636685,0.8125,5
13461282,169295,612225,0.5,2
13461322,108520,671285,0.375,1
30094149,108815,675180,0.375,1
13461128,113790,691260,0.4375,1
13461035,113395,705970,0.75,4
13461307,105815,707870,0.5625,2
20045803,462475,685985,0.375,1
30017431,467110,686465,0.4375,1
14014311,468060,712380,0.5,2
30077980,473235,712740,0.375,1
13463426,1080,690310,0.6875,3
30076862,480230,705790,0.5625,2
13463125,477535,701030,0.6875,3
30055780,443485,684010,0.875,5
30085299,1665,108270,0.8125,5
13450437,510,88330,0.625,3
13450697,555,86130,0.6875,3
14020544,425340,675925,0.75,4
13462590,474200,705840,0.625,3
13461732,468655,693870,0.5625,2
13460716,229575,716685,0.5625,2
13460297,227380,698840,0.5,2
13459882,236375,699300,0.3125,1
13460076,198565,692055,0.5,2
13459459,195370,683030,0.3125,1
30011209,162390,612710,0.3125,1
13458961,168795,586425,0.4375,1
13458572,190120,577050,0.375,1
13459625,149390,615165,0.4375,1
13449845,2290,33135,0.625,3
30059472,200,30425,0.4375,1
13443512,820,63685,0.6875,3
13443161,920,64525,0.6875,3
13458279,187980,586715,0.5,2
13449878,555,84950,0.6875,3
13448162,430,112910,0.6875,3
13448893,480,47795,0.6875,3
13449337,365,118825,0.75,4
30061320,1120,129600,0.625,3
13450144,575,101105,0.5,2
13450168,575,99865,0.6875,3
13445297,235,72810,0.625,3
13452829,12725,106100,0.625,3
13444829,575,71205,0.6875,3
13459807,0,630395,0.5,2
13460279,200920,651815,0.6875,3
13447146,1290,30235,0.75,4
13453834,175,89125,0.75,4
14644335,175,89155,0.8125,5
13453884,175,95660,0.6875,3
13461682,45495,239920,0.4375,1
13456204,125,91920,0.625,3
13444992,955,8365,0.375,1
13468915,1505,63735,0.3125,1
13468693,1505,63870,0.25,1
13469056,11055,125710,0.75,4
13468705,11055,132120,0.625,3
30073041,11055,129310,0.6875,3
13468773,11055,127465,0.75,4
13450856,60,39630,0.6875,3
13454067,2870,42470,0.75,4
13468485,11005,124450,0.75,4
13467578,50330,156045,0.375,1
14048620,210,121790,0.75,4
13458881,41200,118745,0.6875,3
13446555,6690,122625,0.75,4
13443194,1060,71925,0.6875,3
13452332,720,71670,0.5625,2
13453032,550,38515,0.8125,5
13452774,720,78630,0.625,3
13451066,555,83990,0.8125,5
13450765,555,85210,0.625,3
13450764,555,89560,0.75,4
13450990,2290,31805,0.3125,1
30010665,600,39910,0.25,1
13444828,705,99160,0.75,4
13455310,3685,143450,0.6875,3
30093280,3775,162730,0.75,4
13445558,45,69105,0.6875,3
13446615,180,86650,0.6875,3
13448776,700,66105,0.8125,5
13450222,2290,40685,0.625,3
13463376,469595,696450,0.8125,5
14046901,745,613875,0.5625,2
14045198,421975,667210,0.375,1
13460854,185150,395025,0.8125,5
13461627,163760,463525,0.625,3
13461353,136400,636790,0.5,2
13460776,136950,690185,0.9375,5
13443422,1060,66810,0.75,4
13450244,555,86310,0.625,3
13450575,555,85860,0.8125,5
13449293,2290,28180,0.5625,2
13448640,1210,129380,0.6875,3
13458122,190130,586250,0.5625,2
13457830,186440,579070,0.625,3
13458176,235430,652140,0.375,1
13458495,188595,587125,0.25,1
13458781,190215,669870,0.4375,1
13458789,235480,681130,0.3125,1
13458357,269175,679795,0.375,1
14023579,239845,619715,0.4375,1
13457844,261320,634665,0.5,2
13457637,281175,659335,0.4375,1
13457873,403535,666620,0.375,1
13457603,393090,642315,0.5,2
13457941,250630,674210,0.4375,1
14024339,250505,617595,0.4375,1
13457691,266730,616340,0.4375,1
13457885,234610,604335,0.4375,1
14063837,181610,595670,0.25,1
13458089,223840,603270,0.4375,1
30062703,450180,693870,0.375,1
13458845,460915,705490,0.375,1
30059196,435,83730,0.625,3
13449772,555,85110,0.5625,2
13449804,2145,91130,0.5,2
13450425,2175,116400,0.375,1
13450967,305,112160,0.5,2
13450878,2215,115190,0.875,5
13451003,2040,116800,0.5,2
13451578,2215,120760,0.6875,3
13451296,2095,120595,0.5,2
13450820,2215,122935,0.75,4
30098462,2105,108720,0.3125,1
30099523,0,124400,0.875,5
13450044,2215,110710,0.375,1
30100012,2090,113985,0.3125,1
13450837,360,104175,0.3125,1
13450040,55,94680,0.375,1
30098404,360,107930,0.5625,2
13450439,605,135440,0.5625,2
30072605,10980,131220,0.6875,3
13459210,42645,110470,0.375,1
14004038,427975,695155,0.5625,2
30097945,451860,659685,0.5625,2
13453913,57725,125475,0.5625,2
13453539,3560,161285,0.5625,2
13453276,3335,149500,0.3125,1
13452421,1205,146590,0.6875,3
30062209,550,50815,0.625,3
13464829,462065,663290,0.6875,3
30102862,1745,114460,0.75,4
14050209,121185,376400,0.4375,1
30096099,439420,646420,0.5625,2
13460185,685,49770,0.5,2
30057995,1605,93625,0.75,4
13451635,140,95005,0.875,5
13451147,125,139665,0.3125,1
13458359,210810,432250,0.5625,2
13458377,211770,447810,0.5,2
13458948,285490,632465,0.375,1
13449512,365,125205,0.75,4
13449265,415,120640,0.5625,2
30059065,395,16195,0.6875,3
13443665,215,21700,0.625,3
13443096,690,15010,0.5,2
20051178,690,15135,0.5625,2
30100419,590,15215,1.0,5
30059801,820,10490,0.375,1
13443912,910,10700,0.4375,1
13458027,129085,427580,0.375,1
13457722,112495,269830,0.1875,1
13445488,565,109745,0.75,4
13443101,1060,65615,0.5625,2
30062424,6380,120330,0.6875,3
13447156,60,123860,0.625,3
13450436,445,80800,0.625,3
13456393,195975,417430,0.4375,1
30027226,45,24005,0.5625,2
30088521,175,30850,0.5,2
13466354,2345,85680,0.375,1
13465867,2335,89215,0.4375,1
13445093,910,11150,0.25,1
30015347,265,68705,0.9375,5
13458289,625,107740,0.8125,5
13452286,475,66900,0.75,4
20040108,525,48540,0.6875,3
30091963,0,40515,0.75,4
13453605,2965,21670,0.625,3
13453296,2965,20200,0.6875,3
13455539,1860,27635,0.5625,2
13454603,2785,30675,0.8125,5
13459918,685,67615,0.5625,2
13454593,13310,244555,0.375,1
13456675,930,70830,0.625,3
13455108,2760,72730,0.5625,2
13455530,2740,73210,0.8125,5
13457333,6180,77770,0.375,1
13457469,4610,79975,0.5,2
13457613,5630,82180,0.4375,1
13457907,5925,84200,0.6875,3
13457392,6025,87090,0.5625,2
13457027,5935,87140,0.8125,5
30000618,1640,48510,0.75,4
30024519,13325,262425,0.25,1
13454101,13265,243640,0.1875,1
13441908,255,43680,0.75,4
13468523,89620,600110,0.4375,1
30111942,117490,607810,0.75,4
13458484,450,106775,0.625,3
13458208,390,102040,0.75,4
30004515,1160,154570,0.5,2
13452430,610,35235,0.375,1
13451580,580,50875,0.5625,2
30100557,655,69805,0.625,3
13451611,0,92390,0.6875,3
13451734,12785,107635,0.625,3
13451914,12595,104470,0.75,4
30098932,240205,594120,0.625,3
14047373,191520,575750,0.375,1
13454892,3665,135205,0.8125,5
30093107,2420,163325,0.6875,3
14130042,3775,163510,0.375,1
20050011,3730,165010,0.6875,3
30009644,2355,196345,0.75,4
13456066,34835,124100,0.875,5
13456822,43390,129165,0.375,1
13456894,46395,138980,0.3125,1
30034103,59575,223795,0.6875,3
30060360,2165,82360,0.75,4
13458552,90,61740,0.5625,2
13446171,3770,106155,0.9375,5
30064866,3910,102710,0.9375,5
14045306,447770,675615,0.4375,1
14130458,0,57900,0.6875,3
13456935,263350,477465,0.5625,2
13456893,182810,607305,0.625,3
13456585,625,103050,0.8125,5
13457056,535,97175,0.8125,5
13457003,625,94390,0.8125,5
13446926,720,138045,0.6875,3
13446823,6395,131745,0.6875,3
13444175,85,1315,0.375,1
30084828,260,96570,0.875,5
13457693,6070,94815,0.75,4
13458003,6180,94970,0.5,2
13458319,6120,100495,0.6875,3
14050921,6180,95940,0.5625,2
13458726,6180,102965,0.75,4
30004858,6105,84460,0.75,4
13458575,5555,94620,0.875,5
13457900,5630,98015,0.8125,5
13457629,6180,80950,0.5625,2
13448093,75,131965,0.5,2
13447090,920,141145,0.375,1
13451726,1755,53875,0.75,4
30054780,345,19215,0.75,4
30101030,2865,73810,0.875,5
13459562,615,62040,0.75,4
13454708,13175,279610,0.3125,1
30008860,2310,64180,0.4375,1
13461581,2930,83425,0.75,4
30098786,78505,248760,0.9375,5
30035973,82060,225965,0.8125,5
13457531,80410,244660,0.6875,3
30042893,11930,132490,0.625,3
30069020,5715,93795,0.75,4
13458197,0,63410,0.75,4
13458551,665,65705,0.5625,2
30040667,7100,106280,0.8125,5
13469935,6100,108600,0.5625,2
13458129,250,101570,0.8125,5
13447979,500,55265,0.6875,3
13448464,640,56080,0.8125,5
14067463,143570,688140,0.625,3
13448606,700,56155,0.625,3
13447357,800,86970,0.625,3
13448227,835,81405,0.75,4
13448549,915,86775,0.6875,3
13448461,635,84720,0.8125,5
13448259,915,86610,0.75,4
14021439,389050,665750,0.3125,1
13459810,2945,69000,0.5625,2
13460321,2960,69855,0.5,2
13445675,1375,58600,0.375,1
13461216,18275,132545,0.625,3
20112916,17720,135830,0.6875,3
30071064,17540,96070,0.8125,5
14023366,116950,278235,0.625,3
13460738,131695,369045,0.5625,2
13460411,121190,288760,0.3125,1
13460139,75425,249550,0.375,1
13457632,89705,268315,0.75,4
13442636,1060,50025,1.0,5
30100884,880,56405,0.625,3
13459228,282375,686055,0.1875,1
30093460,775,140995,0.8125,5
30082371,2845,21005,0.625,3
13455527,109960,255385,0.125,1
13455757,119030,264215,0.5,2
13456141,138095,298810,0.5,2
13456626,149135,339335,0.25,1
13456566,149675,342825,0.1875,1
13460182,74115,242175,0.4375,1
13460326,75000,237955,0.5,2
13457752,78330,269570,0.5625,2
13457717,73365,252140,0.5625,2
13457940,72785,239430,0.75,4
13460851,192945,445540,0.4375,1
13460959,212010,575215,0.4375,1
13461178,222950,628930,0.5625,2
13461385,225825,625245,0.5,2
13461414,223080,628895,0.75,4
13461308,215145,574825,0.9375,5
14024604,1940,704120,0.625,3
13459891,461690,708060,0.5,2
13460187,645,706820,0.5625,2
13504586,458255,696350,0.5625,2
14021217,472980,707715,0.6875,3
30036423,458115,691085,0.5625,2
30036536,457820,690340,0.5,2
13447120,335,128080,0.6875,3
30107477,380,122805,0.625,3
13447992,2170,138315,0.5625,2
13448404,2205,138720,0.5,2
13448968,2225,149750,0.625,3
13449033,2290,160290,0.5625,2
13449493,2250,168760,0.5625,2
13448674,2265,158830,0.3125,1
13448032,460,156285,0.6875,3
13447857,880,157660,0.5,2
13459669,300,49040,0.8125,5
13468415,50865,599690,0.75,4
13468263,118460,607780,0.625,3
30069996,6085,122335,0.5625,2
13469776,10975,82810,0.625,3
13470037,6215,86490,0.875,5
14203950,6285,134325,0.625,3
30113188,6130,137925,0.6875,3
13449130,470,77365,0.75,4
13448378,130,77430,1.0,5
13448151,240,77505,0.6875,3
13448024,110,71335,0.75,4
13447632,0,69810,0.6875,3
13460537,120895,643075,0.3125,1
13468208,128415,610070,0.6875,3
30102587,117425,607840,0.4375,1
30009258,10410,115240,0.75,4
13467764,3550,98665,0.4375,1
30087588,2170,90010,0.6875,3
20078778,6095,87465,0.4375,1
20052873,6140,93635,0.5625,2
30094626,6020,94490,0.75,4
13470253,6195,80195,0.5625,2
30053135,560,117395,0.625,3
30006362,183255,700185,0.5,2
13445535,3295,59355,0.375,1
13449076,360,175225,0.4375,1
30033859,150,154735,0.4375,1
13449651,150,143680,0.25,1
13452216,10305,203520,0.875,5
13452583,10125,198010,0.4375,1
20048165,3690,68425,0.625,3
20048252,80,67575,0.75,4
13470450,105,63165,0.8125,5
30079773,3265,59355,0.6328125,3
13446222,6770,133375,0.625,3
13460313,140770,676755,0.5625,2
13460647,114530,639570,0.4375,1
13460689,143780,612920,0.4375,1
30006083,175560,712515,0.625,3
13460566,157785,713400,0.5,2
13460051,146300,455190,0.6875,3
13459933,44030,217665,0.8125,5
13460035,40995,210815,0.6875,3
13460236,51445,216635,0.625,3
30098290,50050,212800,0.625,3
13458270,399800,680705,0.5625,2
13451516,2165,122245,0.625,3
20051573,550,53390,0.6875,3
13451080,250,89225,0.75,4
13442750,0,17495,0.5,2
13443769,260,23350,0.625,3
13446543,1290,31110,0.6875,3
20051686,955,11525,0.5,2
30016075,525,12675,0.375,1
13453530,0,40220,0.75,4
13454856,2870,27775,0.625,3
13455424,2870,31620,0.625,3
13455044,2870,31455,0.5625,2
13456459,930,72845,0.8125,5
13456703,930,74250,0.5625,2
13449840,175,58075,0.625,3
13441977,180,43720,0.6875,3
13468673,83810,595010,0.75,4
13452189,12785,105255,0.75,4
13442692,1060,50275,0.625,3
13442294,3430,82655,0.8125,5
30064835,3910,102665,1.0,5
13447411,920,141030,0.4375,1
13469893,6215,100310,0.5625,2
13447839,0,45310,0.8125,5
13447808,915,83340,0.5625,2
13448147,915,86265,0.6875,3
13461575,24550,128485,0.6875,3
30104513,70265,223240,0.6875,3
13469963,75,83300,0.6875,3
13469921,215,84785,0.625,3
13447803,240,70740,0.6875,3
13447500,240,69325,0.625,3
13460312,145090,671520,0.5625,2
13450202,2170,110065,0.6875,3
13470133,6160,84470,0.75,4
13470429,185,66265,0.875,5
13460238,174480,443225,0.6875,3
13460498,142610,439395,0.8125,5
20091910,57270,245515,0.5,2
20039266,61410,266780,0.625,3
14069000,61250,252215,0.5625,2
13462348,404280,674355,0.5625,2
13462631,399560,669105,0.3125,1
13460162,244200,685860,0.3125,1
13459953,271795,674020,0.125,1
13445247,635,100950,0.75,4
13445465,705,112735,0.5625,2
13445754,6215,118255,0.8125,5
13452244,795,206710,0.4375,1
13457097,177425,373370,0.3125,1
13456955,192405,375170,0.375,1
13451870,1490,197790,0.4375,1
13451141,390,195840,0.375,1
13451171,70,177475,0.5,2
13460214,2960,79125,0.375,1
13457224,224025,450110,0.1875,1
13457645,218445,443340,0.125,1
13457047,190200,413510,0.3125,1
13457715,204125,441670,0.5,2
13458065,214895,447405,0.4375,1
13461897,3000,87340,0.6875,3
13463168,2930,82645,0.25,1
13459906,279080,671405,0.25,1
20102605,200205,669540,0.25,1
13459639,252005,678410,0.25,1
14047248,461230,676775,0.5,2
13461042,456605,703745,0.625,3
13460447,439255,702915,0.625,3
13459966,453955,707035,0.625,3
13459174,453605,708245,0.25,1
13459637,456700,697235,0.4375,1
13459921,444955,707440,0.5625,2
13461436,395760,706350,0.5,2
30102192,30265,603230,0.6875,3
13459551,218755,704570,0.25,1
14036501,142105,588400,0.375,1
13456918,176070,432160,0.3125,1
13457285,144495,552615,0.25,1
13456504,150220,340490,0.375,1
13456783,183350,374235,0.375,1
13456864,186375,410865,0.5,2
13456946,184125,358760,0.5,2
13457034,223930,460170,0.5625,2
13456406,185615,446850,0.4375,1
13456858,225745,469395,0.4375,1
13456722,225625,461680,0.5625,2
13456361,188050,449985,0.6875,3
14024234,188400,488050,0.625,3
14024194,217140,606605,0.5,2
13457294,240045,608010,0.5,2
13457198,245405,466980,0.5625,2
13457111,230655,470590,0.375,1
13457516,237805,482775,0.25,1
20052824,60,39630,0.75,4
13457841,209545,443195,0.1875,1
13458258,214645,444575,0.1875,1
13457751,188030,410380,0.5625,2
13457433,174530,372200,0.4375,1
13457094,172305,376405,0.25,1
13457319,183595,415515,0.4375,1
13456591,145660,312865,0.5,2
14300485,83115,198250,0.5,2
13455086,78625,168710,0.1875,1
30036794,365,616150,0.5,2
13457539,142975,581965,0.3125,1
13457230,194555,411950,0.4375,1
13457271,194465,412230,0.5,2
13456535,143595,337450,0.125,1
13456551,143435,366645,0.25,1
13455645,12970,408575,0.625,3
13455486,115,321575,0.375,1
13456060,184450,375815,0.375,1
13456186,156265,365615,0.25,1
13456293,145585,362125,0.5,2
13456106,135975,300540,0.625,3
13455705,135835,291760,0.375,1
30058294,3840,83080,0.75,4
13445337,625,112810,1.0,5
13456357,104455,230315,0.5,2
30085739,59280,341600,1.0,5
13457660,73590,271760,0.8125,5
30111764,135,118465,0.5,2
13451011,2215,112955,0.4375,1
13453807,185,190980,0.8125,5
14203917,6340,136010,0.625,3
14203944,6275,135885,0.6875,3
13460289,186530,698540,0.5,2
14049372,179265,694140,0.5,2
13468381,75180,606245,0.375,1
14254071,56805,615295,0.4375,1
14254016,56085,613525,0.4375,1
13464394,77700,607895,0.375,1
13446548,335,127760,0.5625,2
13447692,1095,111615,0.625,3
13447736,1210,122035,0.625,3
13448087,1210,133415,0.625,3
13448453,1160,129060,0.625,3
30004585,1150,134425,0.4375,1
13452514,3295,128510,0.5625,2
30055612,1695,76395,0.6875,3
13459274,6180,79375,0.4375,1
14065206,51750,597900,0.4375,1
13461098,2810,72115,0.875,5
13460664,3000,77220,0.6875,3
30091788,2700,84085,0.6875,3
13464543,226795,587730,0.4375,1
20037033,347540,638385,0.75,4
20053278,2895,81725,0.3125,1
30073640,3000,82675,0.5,2
13462448,3000,79585,0.375,1
13461497,2920,79350,0.4375,1
13452007,1230,140930,0.6875,3
13453160,3515,146475,0.75,4
13454817,100,137040,0.75,4
30093274,3640,162135,0.9375,5
30093244,3585,158970,0.75,4
13455608,3460,180020,0.8125,5
13453494,0,40175,0.625,3
13468395,36940,591715,0.4375,1
13468093,175850,623200,0.4375,1
13459433,3000,80890,0.4375,1
13459864,2695,67135,0.4375,1
30030546,1920,106380,0.6875,3
30000535,60,44035,0.6875,3
30063989,2875,84805,0.75,4
13461982,3000,91130,0.5625,2
13462434,2960,81395,0.3125,1
13461859,3000,83675,0.5625,2
13462176,2960,81965,0.375,1
13446535,525,10875,0.3125,1
13445876,525,14945,0.3125,1
13449681,0,40470,0.6875,3
13460879,2835,66800,0.4375,1
13460977,2905,69910,0.5,2
13461852,220,59370,0.625,3
13462852,330,68855,0.3125,1
13444145,0,74515,0.6875,3
13466172,404220,655565,0.375,1
14036461,395565,636310,0.4375,1
14041309,39485,632905,0.375,1
14024870,37910,629690,0.4375,1
13468806,84195,593750,0.625,3
14025232,42420,626320,0.375,1
30100310,0,94715,0.75,4
13449999,150,137670,0.6875,3
30108478,0,39815,0.6875,3
13452547,105,41050,0.625,3
13452484,105,48765,0.625,3
13457769,2750,61315,0.75,4
30063688,130,41945,0.625,3
13467750,35010,628060,0.3125,1
14043001,56105,537140,0.75,4
13468552,31195,213840,0.6875,3
13456860,540,92940,0.5,2
13444454,955,6535,0.375,1
13443840,85,1755,0.3125,1
20051307,85,1315,0.4375,1
13442900,250,9810,0.4375,1
13448000,2235,146635,0.6875,3
20040712,420,153150,0.75,4
13466482,405600,654185,0.4375,1
30095080,410100,673230,0.75,4
13466000,387520,662670,0.5625,2
30105585,330,30395,0.5,2
20051487,255,35495,0.5625,2
13464585,468240,676240,0.75,4
14020387,470580,679240,0.5625,2
20051976,24985,430690,0.375,1
14628602,24900,410605,0.3125,1
30053441,6625,171205,0.625,3
14120476,65,85165,0.3125,1
13469726,10985,89720,0.4375,1
13457999,41020,112710,0.5625,2
30066584,41200,111800,0.8125,5
13456774,625,112925,0.625,3
13447192,850,18965,0.625,3
13453001,12785,111455,0.8125,5
13459998,462045,707795,0.5,2
13462686,21335,194725,0.625,3
14311091,22350,173760,0.5,2
30057322,3385,181435,0.5,2
13448715,6630,147840,0.5625,2
13465422,438880,657785,0.75,4
13463329,484205,704425,0.5,2
14674894,474525,690055,0.5625,2
14047100,476475,691460,0.5625,2
13464320,483720,691945,0.4375,1
20033592,365715,639105,0.5625,2
20035706,358940,597185,0.8125,5
30069223,360115,651675,0.6875,3
13463377,358455,613780,0.6875,3
13463765,227340,582445,0.5625,2
20058494,217635,449665,0.4375,1
20051927,23650,446505,0.5,2
14184403,0,59075,0.5,2
13467939,40670,627020,0.3125,1
30095307,48685,622880,0.375,1
30108314,0,43975,0.6875,3
13459531,295670,683030,0.3125,1
13445877,6455,105055,0.625,3
13445965,3295,72510,0.75,4
13460319,2960,78730,0.4375,1
13460711,3000,75785,0.5,2
13457509,220540,452095,0.125,1
13460272,461215,709020,0.625,3
13450887,60,39630,0.6875,3
20030170,205,58895,0.5,2
13456028,130515,298210,0.25,1
13452128,715,206010,0.25,1
13442532,3810,82920,0.6875,3
13455339,3775,158150,0.875,5
13451495,60,39880,0.6875,3
30105732,2945,91440,0.75,4
13446329,525,13240,0.25,1
13460641,3000,74810,0.4375,1
30108468,0,40470,0.75,4
13452905,105,45205,0.6875,3
13452965,105,45205,0.875,5
13452662,105,46390,0.6875,3
13452239,0,40870,0.625,3
13468518,31870,213105,0.6875,3
30059749,85,2460,0.3125,1
13459905,1695,100200,0.75,4
14252660,330,23980,0.5,2
13442019,255,35440,0.5625,2
14045206,360930,638995,0.6875,3
30069171,227740,594080,0.6875,3
13448043,6340,135030,0.6875,3
13451585,2215,118240,0.75,4
13453661,0,40175,0.75,4
13470418,0,65450,0.625,3
13470385,0,63540,0.5625,2
13470426,0,62650,0.6875,3
13470165,0,73060,0.8125,5
13469522,0,75610,0.4375,1
13468758,0,88355,0.4375,1
13469742,0,88730,0.4375,1
20048394,0,62845,0.625,3
30092042,0,85625,0.75,4
13450399,0,70695,0.6875,3
30092068,0,86790,0.875,5
13449254,0,96715,0.75,4
13448916,0,90295,0.6875,3
13461002,0,59300,0.5,2
30081146,0,45965,0.625,3
13454108,0,276940,0.3125,1
20042744,0,264735,0.5625,2
13454853,0,287635,0.5,2
13450556,0,159005,0.625,3
13450918,0,161185,0.25,1
13451600,0,206125,0.625,3
13453578,0,158310,0.8125,5
13453272,0,111275,0.8125,5
20048757,0,120835,0.8125,5
13466386,0,117125,0.25,1
13449043,0,92735,0.75,4
20091727,0,148275,0.625,3
14673643,0,209955,0.625,3
13461765,0,176925,0.75,4
13460650,0,167000,0.6875,3
13460394,0,160440,0.6875,3
13460189,0,173300,0.8125,5
13459972,0,155275,0.6875,3
14017717,0,566910,0.375,1
14017781,0,571295,0.375,1
14043617,0,572370,0.6875,3
14017798,0,570145,0.625,3
30099735,0,566550,0.5,2
14036324,0,568190,0.625,3
13468476,0,565595,0.6875,3
13468593,0,580650,0.8125,5
13468235,0,603850,0.75,4
14255763,0,605190,0.625,3
14048806,0,612575,0.5625,2
13466451,0,625585,0.375,1
13449857,0,120265,0.9375,5
13445054,0,54745,0.6875,3
13453611,0,141425,0.8125,5
14021685,0,401340,0.5,2
13442064,0,43795,0.6875,3
13464045,0,645100,0.25,1
13446709,0,67535,0.625,3
30058863,0,36915,0.5625,2
30099738,0,569430,0.625,3
30054189,0,176210,0.625,3
13444900,0,56035,0.75,4
13448508,0,147290,0.6875,3
14253938,0,178135,0.9375,5
14673485,0,559860,0.6875,3
13449736,0,114420,0.6875,3
13444228,0,51895,0.6875,3
13446600,0,65130,0.625,3
13446451,0,64655,0.75,4
30102025,0,595505,0.8125,5
13446105,0,118075,0.75,4
13451142,0,94005,0.8125,5
13456405,0,75125,0.6875,3
13445969,0,84705,0.6875,3
30043791,0,608475,0.375,1
14036572,0,633515,0.4375,1
13465496,0,622060,0.375,1
30095429,0,108465,0.8125,5
14064405,0,529845,0.6875,3
13454273,0,82555,0.9375,5
30012668,0,83045,1.0,5
14017978,0,634795,0.75,4
14017845,0,633795,0.8125,5
30002354,0,76145,0.5625,2
13447784,0,88090,0.6875,3
13449864,0,92015,0.8125,5
14037107,0,615695,0.375,1
14064652,0,606000,0.5,2
14064440,0,599595,0.375,1
20036225,0,577655,0.5,2
20036284,0,560245,0.6875,3
13464702,0,565080,0.875,5
20061818,0,572655,0.75,4
14066596,0,572610,0.625,3
13452845,0,107275,0.75,4
13450328,0,114605,0.875,5
13447368,0,90835,0.8125,5
13446783,0,92865,0.5,2
13451811,0,97935,0.6875,3
13466971,0,54340,0.5,2
13467121,0,56190,0.375,1
13467678,0,56570,0.75,4
13468031,0,57070,0.5,2
13468123,0,64690,0.625,3
13469135,0,69800,0.5,2
30072719,0,62975,0.625,3
14240887,0,80190,0.6875,3
13449235,0,98510,0.75,4
13454530,0,51220,0.9375,5
13452963,0,61030,0.875,5
13450621,0,87850,0.8125,5
13448222,0,70205,0.75,4
13450414,0,86075,0.75,4
13454929,0,90950,0.9375,5
13455219,0,97930,0.75,4
13450227,0,96655,0.75,4
13446419,0,81935,0.75,4
20142296,0,102245,0.5,2
13455616,0,176675,0.6875,3
13452138,0,166900,0.5625,2
30101281,0,159330,0.4375,1
13450734,0,136450,0.5625,2
30056861,0,174510,0.875,5
13449410,0,168290,0.8125,5
13448942,0,153300,0.3125,1
13449194,0,164300,0.6875,3
13450511,0,185825,0.6875,3
13449006,0,186400,0.5,2
13448876,0,174210,0.4375,1
13445964,0,130675,0.6875,3
20092000,0,131200,0.6875,3
13463964,0,145575,0.5625,2
13464288,0,137050,0.6875,3
13443887,0,84045,0.6875,3
13464450,0,188960,0.5625,2
13459847,0,107905,0.75,4
13464455,0,161870,0.5625,2
13469460,0,125745,0.375,1
13470241,0,77755,0.4375,1
13470265,0,77495,0.4375,1
13470175,0,83760,0.5625,2
13469234,0,69735,0.5625,2
13470566,0,61885,0.75,4
13470528,0,59910,0.75,4
14301530,0,58850,0.5,2
13470579,0,59090,0.625,3
13470724,0,47500,0.6875,3
13464842,0,15515,0.5625,2
13464186,0,17675,0.5625,2
13443172,0,89100,0.8125,5
14038197,0,64100,0.9375,5
20235497,0,113855,0.6875,3
30104368,0,96530,0.5625,2
13969711,0,74115,0.75,4
13468653,0,74880,0.5625,2
13467057,0,69375,0.875,5
13453050,0,120485,0.6875,3
13467792,0,57650,0.3125,1
13468482,0,65360,0.5,2
13455781,0,60085,0.6875,3
13450748,0,77930,0.875,5
20105596,0,95810,0.8125,5
30092266,0,94305,0.75,4
13459401,0,145760,0.6875,3
13459001,0,113625,0.8125,5
13459728,0,44745,0.75,4
13470585,0,56725,0.5,2
13463913,0,18160,0.375,1
13449398,0,98580,0.875,5
13450405,0,123010,0.3125,1
13450157,0,130085,0.625,3
13445163,0,113745,0.6875,3
20079205,0,680670,0.4375,1
13449652,0,51060,0.8125,5
14240370,0,103560,0.5625,2
13468218,0,617785,0.5,2
20054135,0,612355,0.5,2
30105591,0,600420,1.0,5
13449600,0,52525,0.75,4
30037564,0,278445,0.75,4
30037490,0,252550,0.5625,2
13456214,0,41635,0.625,3
30073598,0,65720,0.6875,3
13456036,0,48190,0.625,3
13449203,0,61125,0.75,4
30107847,0,108360,0.6875,3
13445372,0,112325,0.8125,5
13444440,0,102010,0.6875,3
13446518,0,112405,0.8125,5
13444344,0,98100,0.6875,3
13444705,0,97950,0.9375,5
13461250,0,377105,0.4375,1
13445015,0,111680,0.5625,2
14666171,0,103795,0.8125,5
13459509,0,103030,0.75,4
13459977,0,94770,0.5625,2
13497114,0,621710,0.3125,1
13464757,0,137840,0.3125,1
13463206,0,374300,0.5,2
30105547,0,676365,0.9375,5
13464942,0,141920,0.6875,3
13467839,0,631810,0.5,2
30037447,0,613940,0.6875,3
30024008,0,49050,0.4375,1
13454103,0,129630,0.875,5
13454715,0,125960,0.6875,3
13455586,0,92405,0.5625,2
30006732,0,105815,0.5625,2
13456756,0,113530,0.6875,3
13458924,0,123005,0.8125,5
13448233,0,131815,0.5625,2
13447925,0,131140,0.625,3
30078447,0,164090,0.5,2
13455869,0,275255,0.5,2
30089140,0,272970,0.5625,2
13454080,0,265790,0.5,2
30078717,0,93475,0.6875,3
13456115,0,280965,0.625,3
13463903,0,70305,0.3125,1
30017438,0,449900,0.625,3
30059977,0,307750,0.5,2
14048594,0,456415,0.5,2
20141354,0,474350,0.625,3
14048547,0,524915,0.5,2
13445166,0,69890,0.75,4
14654987,0,65425,0.75,4
13465560,0,606685,0.6875,3
13443205,0,53260,0.6875,3
14229580,0,48640,0.5625,2
13460497,0,163605,0.75,4
13461625,0,164185,1.0,5
13467525,0,602980,0.4375,1
14067820,0,169680,0.5,2
13448124,0,171845,0.5625,2
13464444,0,299600,0.375,1
20048293,0,63885,0.75,4
14013018,0,238920,0.6875,3
13465974,0,126700,0.3125,1
13466619,0,636045,0.625,3
30092247,0,54870,0.6875,3
13456333,0,43735,0.9375,5
13456561,0,127060,0.6875,3
13458476,0,269360,0.75,4
13461286,0,379600,0.75,4
14048657,0,459980,0.3125,1
30062613,0,64895,0.6875,3
13442111,0,37225,0.75,4
14038946,0,632425,0.375,1
14038973,0,643540,0.625,3
13469959,0,60860,0.5,2
13466714,0,85425,0.5,2
13467613,0,628260,0.375,1
13467796,0,623925,0.3125,1
13467610,0,631230,0.5,2
13467771,0,617470,0.4375,1
13467846,0,629900,0.5,2
13466815,0,121780,0.25,1
13462812,0,269890,0.625,3
14014646,0,702415,0.5,2
13464509,0,688290,0.6875,3
20006124,0,702905,0.5,2
13449426,0,45860,0.5625,2
13449647,0,45295,0.625,3
14049775,0,444155,0.75,4
20051079,0,65570,0.625,3
13441672,0,56695,0.625,3
13450200,0,177220,0.6875,3
13449889,0,176100,0.5625,2
13468124,0,106675,0.375,1
20052264,0,38475,0.6875,3
30102447,0,64120,0.8125,5
13466561,0,57960,0.8125,5
30055523,0,18020,0.5,2
13444737,0,24135,0.5,2
13445087,0,36215,0.625,3
20050890,0,38165,0.5625,2
13444212,0,38110,0.625,3
13446461,0,16665,0.375,1
13446132,0,18170,0.375,1
13445790,0,16735,0.4375,1
13445703,0,14900,0.4375,1
30015992,0,129810,0.5,2
13446006,0,97440,0.5625,2
20041124,0,175450,0.6875,3
13461748,0,323270,0.75,4
14022266,0,537335,0.75,4
13450190,0,178255,0.6875,3
14045367,0,630950,0.25,1
13462174,0,656755,0.4375,1
13462545,0,618605,0.6875,3
13463661,0,624795,0.625,3
14018252,0,654260,0.75,4
13456572,0,127375,0.75,4
13458809,0,439020,0.5,2
13458583,0,440650,0.5,2
13458826,0,446390,0.4375,1
30005244,0,83375,0.9375,5
13451991,0,85515,0.6875,3
13448553,0,134330,0.6875,3
30087995,0,616870,0.6875,3
13454770,0,70200,0.625,3
13465228,0,632085,0.625,3
14051248,0,627120,0.75,4
20051527,0,52695,0.75,4
13448430,0,29950,0.6875,3
20051821,0,43155,0.625,3
20051147,0,44900,0.6875,3
13445074,0,13510,0.375,1
30020218,0,112710,0.875,5
13452213,0,93840,0.8125,5
13452838,0,66365,0.6875,3
13452943,0,70745,0.8125,5
13455520,0,284655,0.75,4
13455265,0,261360,1.0,5
13455893,0,77960,0.75,4
13449860,0,29830,0.6875,3
13442535,0,50040,0.625,3
20050114,0,93125,0.8125,5
13448938,0,139010,0.6875,3
30103611,0,82795,0.6875,3
13462284,0,462530,0.5625,2
13450582,0,126350,0.5,2
13451616,0,126725,0.625,3
13456157,0,170105,0.8125,5
20042203,0,347425,0.375,1
13454106,0,145130,0.625,3
13456790,0,126740,0.8125,5
13456724,0,120905,0.625,3
13457190,0,108125,0.6875,3
30017327,0,648525,0.6875,3
20035644,0,654605,0.875,5
13465385,0,670545,0.5,2
13465427,0,671135,0.625,3
13456617,0,225965,0.8125,5
13466253,0,89290,0.1875,1
13449575,0,45375,0.6875,3
13451925,0,136740,0.75,4
13466734,0,61340,0.75,4
13445459,0,11270,0.5,2
13444229,0,82785,0.75,4
13459965,0,650630,0.75,4
30062284,0,117630,0.8125,5
30107376,0,34985,0.8125,5
13456294,0,46770,0.625,3
13459318,0,202880,0.5,2
14024462,0,611420,0.4375,1
13464038,0,582115,0.9375,5
13444479,0,75240,0.75,4
13458097,0,219055,0.5625,2
14045181,0,653270,0.75,4
13442757,0,55765,0.625,3
20052056,0,51825,0.625,3
14239895,0,690760,0.5625,2
13441997,0,32425,0.75,4
20140297,0,664100,0.75,4
30104107,0,58350,0.75,4
13452899,0,142995,0.75,4
13452383,0,109380,0.875,5
20035005,0,555835,0.5,2
14063808,0,559875,0.5625,2
30098692,0,568260,0.5625,2
30090840,0,43960,0.6875,3
13456978,0,474790,0.4375,1
13447092,0,105670,1.0,5
30102934,0,184635,0.8125,5
13464006,0,551125,0.8125,5
14023029,0,550255,0.6875,3
13463724,0,585940,0.4375,1
14674628,0,668280,0.875,5
20035647,0,645835,0.8125,5
14019425,0,641800,0.875,5
13467381,0,642650,0.4375,1
13465533,0,675990,1.0,5
13459819,0,82400,0.75,4
13459472,0,81775,0.5,2
13462032,0,704250,0.4375,1
13442393,0,53365,1.0,5
20039041,0,668255,0.5625,2
13463730,0,683050,0.625,3
13464281,0,678765,0.625,3
13465254,0,666620,0.6875,3
13465679,0,654640,0.5,2
14018366,0,648455,0.4375,1
13462978,0,699265,0.5,2
30005892,0,109085,0.875,5
13442202,0,80395,0.6875,3
13445718,0,76080,0.875,5
14014564,0,704490,0.375,1
14046375,0,700850,0.4375,1
20006012,0,705465,0.4375,1
13462884,0,707055,0.4375,1
13463466,0,694650,0.5625,2
13445758,0,81530,0.75,4
13445776,0,87855,0.75,4
13442156,0,51760,0.4375,1
13442882,0,48845,0.75,4
13444801,0,106545,1.0,5
30092833,0,128245,0.75,4
13463191,0,530955,0.6875,3
20038973,0,159820,0.3125,1
13454650,0,100445,0.5625,2
30099348,0,94065,0.9375,5
13453316,0,90165,0.625,3
13442260,0,39490,0.9375,5
30013268,0,59765,0.8125,5
13450950,0,96230,0.75,4
13458487,0,74555,0.875,5
13466786,0,645690,0.625,3
13467623,0,635520,0.6875,3
13461511,0,695450,0.5,2
13461417,0,711215,0.5625,2
14047544,0,713485,0.375,1
20051682,0,52785,0.6875,3
13458963,0,101135,0.875,5
30073221,0,62260,0.5625,2
13458143,0,82210,0.625,3
30001684,0,96325,0.75,4
13456235,0,117780,0.625,3
13455603,0,118855,0.625,3
13455080,0,117070,0.625,3
20042495,0,311580,0.75,4
13443119,0,55280,0.6875,3
13443281,0,75245,0.625,3
13444121,0,68385,0.625,3
13443889,0,81160,0.6875,3
13443594,0,80685,0.625,3
13447402,0,124385,0.5625,2
13447866,0,147965,0.625,3
13447714,0,135705,0.6875,3
13444288,0,56470,0.75,4
13446106,0,107225,0.8125,5
13449182,0,100910,0.625,3
13442436,0,56600,0.5625,2
13463710,0,674295,0.625,3
13460384,0,312770,0.5,2
13442329,0,53065,0.5,2
14011697,0,672345,0.625,3
13442168,0,69025,0.75,4
13443331,0,76385,0.6875,3
13462346,0,56405,0.5625,2
13463093,0,49435,0.875,5
13442461,0,52940,0.6875,3
30091373,0,82410,0.6875,3
13443518,0,79140,0.6875,3
13449738,0,162050,0.5,2
13443836,0,60420,0.75,4
13442303,0,52920,0.4375,1
13447419,0,103400,0.75,4
13447587,0,90470,0.4375,1
13446858,0,112990,0.4375,1
13446820,0,116545,0.6875,3
13453407,0,65400,0.6875,3
13444247,0,52155,0.6875,3
13449608,0,105110,0.75,4
13450161,0,103875,0.8125,5
14605447,0,98000,0.75,4
13455448,0,86785,0.8125,5
14604698,0,95180,0.6875,3
13459545,0,606265,0.6875,3
13459366,0,585900,0.5625,2
13453566,0,105425,0.75,4
13446326,0,115360,0.6875,3
13445834,0,15975,0.4375,1
13465354,0,131815,0.1875,1
13448629,0,34975,0.6875,3
13453508,0,40955,0.75,4
13453404,0,41500,1.0,5
30001681,0,95890,0.9375,5
14040580,0,147470,0.5,2
30022597,0,69540,0.625,3
13451555,0,206000,0.625,3
30069726,0,54605,0.8125,5
13453248,0,70755,0.875,5
13452697,0,61975,0.75,4
13453809,0,70400,0.5,2
13448744,0,84800,0.75,4
13448661,0,87345,0.5,2
13454592,0,144160,0.9375,5
13455184,0,118570,0.875,5
14066818,0,134630,0.625,3
30034665,0,134805,0.8125,5
13969359,0,82195,0.375,1
30104461,0,82375,0.5625,2
13445830,0,116960,0.75,4
14073526,0,631885,0.5,2
20006009,0,702895,0.8125,5
13444027,0,72170,0.8125,5
13444658,0,108380,0.6875,3
14172613,0,142025,0.75,4
30033490,0,56755,0.6875,3
13450654,0,82035,0.75,4
13450826,0,77545,0.4375,1
30012370,0,86330,1.0,5
30028690,0,67995,0.8125,5
30005290,0,104365,0.6875,3
30071083,0,152315,0.9375,5
30021251,0,79330,0.6875,3
13451445,0,86425,0.875,5
13449710,0,132930,0.8125,5
30101977,0,41660,0.6875,3
30061156,0,78800,0.6875,3
13445346,0,90830,0.625,3
13444976,0,87385,0.6875,3
13444696,0,86310,0.8125,5
20161372,0,100355,0.5625,2
30017072,0,109465,0.8125,5
13445084,0,103360,0.5625,2
13446089,0,69660,0.625,3
13447446,0,73345,0.75,4
30020555,0,99455,0.5625,2
13465006,0,680800,0.4375,1
13464780,0,686690,0.625,3
14023523,0,680425,0.5,2
30108841,0,685095,0.75,4
14678666,0,675520,0.5,2
13447778,0,65145,0.75,4
30062142,0,60290,0.75,4
13464967,0,642070,0.625,3
13464854,0,624210,0.4375,1
30094130,0,689980,0.4375,1
13462553,0,712125,0.4375,1
13463931,0,696370,0.625,3
14020373,0,674855,0.5625,2
13460780,0,699085,0.5,2
13461984,0,695030,0.375,1
13462788,0,700030,0.625,3
14047842,0,689010,0.5625,2
13462940,0,704720,0.6875,3
13443320,0,66825,0.5625,2
13443623,0,67090,0.5625,2
13449209,0,119435,0.6875,3
13450068,0,115795,0.75,4
13451139,0,115050,0.8125,5
13449025,0,133395,0.5625,2
13448310,0,127470,0.8125,5
13447137,0,112595,0.5,2
13454523,0,98900,0.75,4
13449614,0,99000,0.75,4
13443740,0,74640,0.5,2
13442677,0,52410,0.6875,3
13448051,0,94445,0.6875,3
13447575,0,61770,0.625,3
13443524,0,67330,0.6875,3
13445959,0,134060,0.6875,3
30001860,0,63260,0.8125,5
13457678,0,658710,0.5,2
13457187,0,615090,0.5625,2
13446121,0,76970,0.75,4
13445833,0,91585,0.8125,5
13445143,0,83710,0.8125,5
20140545,0,80455,0.625,3
13443858,0,73460,0.625,3
20050619,0,90695,0.75,4
13447186,0,94360,0.5625,2
13446987,0,94565,0.6875,3
20050187,0,95460,0.75,4
30004026,0,177510,0.75,4
13443085,0,55630,0.6875,3
13451524,0,110270,0.4375,1
13452010,0,122425,0.5,2
13459159,0,693600,0.5,2
13449739,0,118340,0.6875,3
30036027,0,16840,0.5,2
30055532,0,17400,0.6875,3
20237164,0,99185,0.875,5
30013926,0,20880,0.5,2
13443795,0,23945,0.5625,2
13445983,0,32255,0.6875,3
30062089,0,34760,0.5,2
13446334,0,43190,0.625,3
13465460,0,129650,0.4375,1
30097790,0,108115,0.75,4
13454669,0,46100,0.625,3
13448630,0,80220,0.9375,5
13503941,0,82905,0.6875,3
14113295,0,96285,0.5,2
13458671,0,105130,0.75,4
13458899,0,110455,0.5,2
14113231,0,102360,0.5,2
30091768,0,49825,0.8125,5
30108306,0,70160,0.875,5
13452293,0,90365,0.875,5
13467409,0,54910,0.5,2
13450362,0,116470,0.375,1
13455128,0,119540,0.625,3
13455499,0,102965,0.625,3
13457231,0,94320,0.875,5
30007606,0,103600,0.6875,3
13458468,0,95150,1.0,5
13456067,0,215335,0.875,5
13442969,0,56965,0.75,4
13468675,0,70010,0.75,4
13468511,0,66810,0.8125,5
30073427,0,92110,0.75,4
30033978,0,93295,0.8125,5
20230516,0,88085,0.75,4
13459747,0,106675,0.8125,5
20112879,0,110550,0.8125,5
13443662,0,65345,0.9375,5
30053311,0,73085,0.6875,3
13447740,0,54180,0.6875,3
13448025,0,44865,0.875,5
13443417,0,73140,0.75,4
13448088,0,90280,0.625,3
13448575,0,91140,0.625,3
20059780,0,63490,0.375,1
13458666,0,65940,0.75,4
30107794,0,98550,0.8125,5
20112840,0,117875,0.6875,3
20112818,0,128905,0.75,4
13460436,0,129535,0.75,4
13460945,0,136155,0.625,3
13450673,0,193125,0.375,1
13450322,0,166985,0.375,1
13442850,0,50630,0.5625,2
13443342,0,70645,0.6875,3
13447259,0,133590,0.75,4
13455662,0,25955,0.8125,5
13461545,0,659175,0.5,2
13458667,0,688500,0.375,1
13458396,0,700005,0.3125,1
30090128,0,59815,0.75,4
20005739,0,598510,0.5,2
13469794,0,91890,0.625,3
14067283,0,94700,0.5,2
13446463,0,70020,0.6875,3
20038301,0,604545,0.375,1
13467759,0,110615,0.5,2
13466985,0,100525,0.5625,2
13467518,0,106900,0.5625,2
13446279,0,126545,0.5625,2
13446898,0,97560,0.6875,3
30007603,0,103100,0.625,3
30015238,0,140920,0.5625,2
13445642,0,106755,0.75,4
13450692,0,186015,0.3125,1
13450233,0,161725,0.6875,3
13503936,0,82810,0.6875,3
13454313,0,170130,0.8125,5
14666367,0,95305,0.6875,3
13450180,0,121670,0.625,3
13451494,0,93115,0.8125,5
30063039,0,76670,0.75,4
13459422,0,102700,0.75,4
13447729,0,130930,0.5625,2
13456251,0,70885,0.75,4
13460354,0,125810,0.75,4
13446347,0,70120,0.5625,2
13443216,0,15940,0.75,4
13446597,0,69935,0.6875,3
13462857,0,670435,0.4375,1
13462512,0,679335,0.5,2
13446013,0,123300,0.6875,3
13445630,0,100905,0.8125,5
13445662,0,111455,0.75,4
13452652,0,208085,0.625,3
13450574,0,174915,0.6875,3
13459992,0,692295,0.5625,2
30094186,0,710855,0.5625,2
13460653,0,705800,0.6875,3
13456781,0,461705,0.5625,2
13453052,0,195630,0.6875,3
14130692,0,612490,0.4375,1
30064813,0,627365,0.4375,1
13468134,0,625795,0.4375,1
30036693,0,619445,0.5,2
13468136,0,620525,0.5,2
13455420,0,371840,0.25,1
13444915,0,107625,0.6875,3
13457552,0,346160,0.6875,3
20052368,0,43345,0.625,3
13452186,0,147300,0.75,4
30004312,0,156155,0.875,5
13448191,0,145940,0.6875,3
30106836,0,613230,0.5,2
13449278,0,165195,0.5,2
13454258,0,168645,0.6875,3
13464207,0,617575,0.375,1
20233866,0,129815,0.6875,3
13446750,0,107650,0.6875,3
13449179,0,95405,0.75,4
13454051,0,164235,0.375,1
13446018,0,88725,0.8125,5
13447073,0,100295,0.875,5
30070282,0,130035,0.75,4
13454348,0,125290,0.625,3
13469178,0,78740,0.4375,1
13451876,0,135280,0.5625,2
20141161,0,629340,0.8125,5
13459705,0,86220,0.4375,1
13458493,0,88120,0.6875,3
13458297,0,82060,0.375,1
13458697,0,83155,0.4375,1
30102997,0,64715,0.8125,5
30102030,0,595050,0.5625,2
20051478,0,45230,0.5625,2
13452149,0,13315,0.625,3
13453287,0,41245,0.6875,3
13451954,0,47795,0.6875,3
13447647,0,154420,0.75,4
14671848,0,623930,0.375,1
13447200,0,131610,0.6875,3
13441916,0,41700,0.6875,3
30006051,0,717985,0.625,3
13461132,0,718605,0.5625,2
13447797,0,155420,0.625,3
13447920,0,169255,0.6875,3
13470067,0,69525,0.5625,2
13469557,0,124370,0.4375,1
13453095,0,121195,0.8125,5
13453021,0,110625,0.625,3
13466096,0,640340,0.5625,2
30005900,0,133185,0.5,2
13442632,0,73190,1.0,5
13443127,0,72540,0.6875,3
14236856,0,70895,0.5,2
30013323,0,59670,0.625,3
13464298,0,532960,0.5625,2
13442222,0,52270,0.5625,2
13449637,0,184035,0.5,2
13451994,0,140520,0.625,3
13447130,0,132215,0.75,4
13449188,0,48825,0.75,4
