<metadata xml:lang="en"><Esri><CreaDate>20121128</CreaDate><CreaTime>09211700</CreaTime><ArcGISFormat>1.0</ArcGISFormat><SyncOnce>FALSE</SyncOnce><DataProperties><coordRef><csUnits>Decimal Degree</csUnits><geogcsn>WGS 84</geogcsn><peXml><wktVar>&lt;ProjectedCoordinateSystem&gt;&lt;WKT&gt;GEOGCS["WGS 84",DATUM["World Geodetic System 1984 [EPSG ID 6326]",SPHEROID["WGS 84 [EPSG ID 7030]",6378137.0,298.257223563]],PRIMEM["Greenwich",0.0],UNIT["Decimal Degree",0.01745329251994328]]&lt;/WKT&gt;&lt;XOrigin&gt;-85&lt;/XOrigin&gt;&lt;YOrigin&gt;40&lt;/YOrigin&gt;&lt;XYScale&gt;100000000&lt;/XYScale&gt;&lt;ZOrigin&gt;0&lt;/ZOrigin&gt;&lt;ZScale&gt;1&lt;/ZScale&gt;&lt;MOrigin&gt;0&lt;/MOrigin&gt;&lt;MScale&gt;1&lt;/MScale&gt;&lt;XYTolerance&gt;.00000002&lt;/XYTolerance&gt;&lt;ZTolerance&gt;0&lt;/ZTolerance&gt;&lt;MTolerance&gt;0&lt;/MTolerance&gt;&lt;HighPrecision&gt;&lt;/HighPrecision&gt;&lt;/ProjectedCoordinateSystem&gt;&lt;/peXml&gt;</wktVar></peXml><type Sync="TRUE">Geographic</type></coordRef><itemProps><itemName Sync="TRUE">trt_arterial</itemName><imsContentType Sync="TRUE">002</imsContentType><itemLocation><linkage Sync="TRUE">file://\\DESKTOP-6HNNELE\C$\Users\Bo Lin\OneDrive - University of Toronto\MaxANDP\data\trt_arterial\trt_arterial.shp</linkage><protocol Sync="TRUE">Local Area Network</protocol></itemLocation><itemSize Sync="TRUE">0.000</itemSize></itemProps><lineage><Process ToolSource="c:\program files (x86)\arcgis\desktop10.7\ArcToolbox\Toolboxes\Conversion Tools.tbx\FeatureClassToFeatureClass" Date="20201004" Time="205223">FeatureClassToFeatureClass "C:\Users\Bo Lin\OneDrive - University of Toronto\Saxe-Chan-Lin\ArcGIS_working_folder\Data\bikeways-wgs84-latitude-longitude\CENTRELINE_BIKEWAY_OD_WGS84.shp" "C:\Users\Bo Lin\OneDrive - University of Toronto\Saxe-Chan-Lin\ArcGIS_working_folder\LTS_assessment\Inputs.gdb" cycling_network_trt # "GEO_ID "GEO_ID" true true false 10 Long 0 10 ,First,#,C:\Users\Bo Lin\OneDrive - University of Toronto\Saxe-Chan-Lin\ArcGIS_working_folder\Data\bikeways-wgs84-latitude-longitude\CENTRELINE_BIKEWAY_OD_WGS84.shp,GEO_ID,-1,-1;LFN_ID "LFN_ID" true true false 10 Long 0 10 ,First,#,C:\Users\Bo Lin\OneDrive - University of Toronto\Saxe-Chan-Lin\ArcGIS_working_folder\Data\bikeways-wgs84-latitude-longitude\CENTRELINE_BIKEWAY_OD_WGS84.shp,LFN_ID,-1,-1;LF_NAME "LF_NAME" true true false 110 Text 0 0 ,First,#,C:\Users\Bo Lin\OneDrive - University of Toronto\Saxe-Chan-Lin\ArcGIS_working_folder\Data\bikeways-wgs84-latitude-longitude\CENTRELINE_BIKEWAY_OD_WGS84.shp,LF_NAME,-1,-1;ADDRESS_L "ADDRESS_L" true true false 20 Text 0 0 ,First,#,C:\Users\Bo Lin\OneDrive - University of Toronto\Saxe-Chan-Lin\ArcGIS_working_folder\Data\bikeways-wgs84-latitude-longitude\CENTRELINE_BIKEWAY_OD_WGS84.shp,ADDRESS_L,-1,-1;ADDRESS_R "ADDRESS_R" true true false 20 Text 0 0 ,First,#,C:\Users\Bo Lin\OneDrive - University of Toronto\Saxe-Chan-Lin\ArcGIS_working_folder\Data\bikeways-wgs84-latitude-longitude\CENTRELINE_BIKEWAY_OD_WGS84.shp,ADDRESS_R,-1,-1;OE_FLAG_L "OE_FLAG_L" true true false 2 Text 0 0 ,First,#,C:\Users\Bo Lin\OneDrive - University of Toronto\Saxe-Chan-Lin\ArcGIS_working_folder\Data\bikeways-wgs84-latitude-longitude\CENTRELINE_BIKEWAY_OD_WGS84.shp,OE_FLAG_L,-1,-1;OE_FLAG_R "OE_FLAG_R" true true false 2 Text 0 0 ,First,#,C:\Users\Bo Lin\OneDrive - University of Toronto\Saxe-Chan-Lin\ArcGIS_working_folder\Data\bikeways-wgs84-latitude-longitude\CENTRELINE_BIKEWAY_OD_WGS84.shp,OE_FLAG_R,-1,-1;LONUML "LONUML" true true false 7 Long 0 7 ,First,#,C:\Users\Bo Lin\OneDrive - University of Toronto\Saxe-Chan-Lin\ArcGIS_working_folder\Data\bikeways-wgs84-latitude-longitude\CENTRELINE_BIKEWAY_OD_WGS84.shp,LONUML,-1,-1;HINUML "HINUML" true true false 7 Long 0 7 ,First,#,C:\Users\Bo Lin\OneDrive - University of Toronto\Saxe-Chan-Lin\ArcGIS_working_folder\Data\bikeways-wgs84-latitude-longitude\CENTRELINE_BIKEWAY_OD_WGS84.shp,HINUML,-1,-1;LONUMR "LONUMR" true true false 7 Long 0 7 ,First,#,C:\Users\Bo Lin\OneDrive - University of Toronto\Saxe-Chan-Lin\ArcGIS_working_folder\Data\bikeways-wgs84-latitude-longitude\CENTRELINE_BIKEWAY_OD_WGS84.shp,LONUMR,-1,-1;HINUMR "HINUMR" true true false 7 Long 0 7 ,First,#,C:\Users\Bo Lin\OneDrive - University of Toronto\Saxe-Chan-Lin\ArcGIS_working_folder\Data\bikeways-wgs84-latitude-longitude\CENTRELINE_BIKEWAY_OD_WGS84.shp,HINUMR,-1,-1;FNODE "FNODE" true true false 10 Long 0 10 ,First,#,C:\Users\Bo Lin\OneDrive - University of Toronto\Saxe-Chan-Lin\ArcGIS_working_folder\Data\bikeways-wgs84-latitude-longitude\CENTRELINE_BIKEWAY_OD_WGS84.shp,FNODE,-1,-1;TNODE "TNODE" true true false 10 Long 0 10 ,First,#,C:\Users\Bo Lin\OneDrive - University of Toronto\Saxe-Chan-Lin\ArcGIS_working_folder\Data\bikeways-wgs84-latitude-longitude\CENTRELINE_BIKEWAY_OD_WGS84.shp,TNODE,-1,-1;ONE_WAY_DI "ONE_WAY_DI" true true false 2 Short 0 2 ,First,#,C:\Users\Bo Lin\OneDrive - University of Toronto\Saxe-Chan-Lin\ArcGIS_working_folder\Data\bikeways-wgs84-latitude-longitude\CENTRELINE_BIKEWAY_OD_WGS84.shp,ONE_WAY_DI,-1,-1;DIR_CODE_D "DIR_CODE_D" true true false 20 Text 0 0 ,First,#,C:\Users\Bo Lin\OneDrive - University of Toronto\Saxe-Chan-Lin\ArcGIS_working_folder\Data\bikeways-wgs84-latitude-longitude\CENTRELINE_BIKEWAY_OD_WGS84.shp,DIR_CODE_D,-1,-1;FCODE "FCODE" true true false 7 Long 0 7 ,First,#,C:\Users\Bo Lin\OneDrive - University of Toronto\Saxe-Chan-Lin\ArcGIS_working_folder\Data\bikeways-wgs84-latitude-longitude\CENTRELINE_BIKEWAY_OD_WGS84.shp,FCODE,-1,-1;FCODE_DESC "FCODE_DESC" true true false 100 Text 0 0 ,First,#,C:\Users\Bo Lin\OneDrive - University of Toronto\Saxe-Chan-Lin\ArcGIS_working_folder\Data\bikeways-wgs84-latitude-longitude\CENTRELINE_BIKEWAY_OD_WGS84.shp,FCODE_DESC,-1,-1;JURIS_CODE "JURIS_CODE" true true false 20 Text 0 0 ,First,#,C:\Users\Bo Lin\OneDrive - University of Toronto\Saxe-Chan-Lin\ArcGIS_working_folder\Data\bikeways-wgs84-latitude-longitude\CENTRELINE_BIKEWAY_OD_WGS84.shp,JURIS_CODE,-1,-1;OBJECTID "OBJECTID" true true false 20 Double 0 20 ,First,#,C:\Users\Bo Lin\OneDrive - University of Toronto\Saxe-Chan-Lin\ArcGIS_working_folder\Data\bikeways-wgs84-latitude-longitude\CENTRELINE_BIKEWAY_OD_WGS84.shp,OBJECTID,-1,-1;CP_TYPE "CP_TYPE" true true false 50 Text 0 0 ,First,#,C:\Users\Bo Lin\OneDrive - University of Toronto\Saxe-Chan-Lin\ArcGIS_working_folder\Data\bikeways-wgs84-latitude-longitude\CENTRELINE_BIKEWAY_OD_WGS84.shp,CP_TYPE,-1,-1" #</Process><Process Name="Select" ToolSource="c:\program files (x86)\arcgis\desktop10.7\ArcToolbox\Toolboxes\Analysis Tools.tbx\Select" Date="20201005" Time="003154">Select "C:\Users\Bo Lin\OneDrive - University of Toronto\Saxe-Chan-Lin\ArcGIS_working_folder\LTS_assessment\Inputs.gdb\cycling_network_trt" "C:\Users\Bo Lin\OneDrive - University of Toronto\Saxe-Chan-Lin\ArcGIS_working_folder\LTS_assessment\Intermediate.gdb\cycling_network_trt_bikeable" "FCODE &lt;&gt; 201100 AND FCODE &lt;&gt; 201101 AND FCODE &lt;&gt; 202003 AND FCODE &lt;&gt; 203001 AND FCODE &lt;&gt; 205001 AND FCODE &lt;&gt; 206001 AND FCODE &lt;&gt;206002 AND FCODE &lt;&gt; 207001 AND FCODE &lt;&gt; 208001 AND FCODE &lt;&gt; 203002 AND FCODE &lt;&gt; 202001 AND FCODE &lt;&gt; 202002"</Process><Process Name="Join Field" ToolSource="c:\program files (x86)\arcgis\desktop10.7\ArcToolbox\Toolboxes\Data Management Tools.tbx\JoinField" Date="20201024" Time="132139">JoinField cycling_network_trt_bikeable GEO_ID cycling_network_trt_bikeable_buffer_10m_wNRN_done GEO_ID SPEED;NBRLANES_2</Process><Process Name="Join Field" ToolSource="c:\program files (x86)\arcgis\desktop10.7\ArcToolbox\Toolboxes\Data Management Tools.tbx\JoinField" Date="20201024" Time="174302">JoinField cycling_network_trt_bikeable GEO_ID cycling_network_trt_bikeable_buffer_10m_wNRN_done GEO_ID SPEED;NBRLANES_2</Process><Process Name="Join Field" ToolSource="c:\program files (x86)\arcgis\desktop10.7\ArcToolbox\Toolboxes\Data Management Tools.tbx\JoinField" Date="20201024" Time="185720">JoinField cycling_network_trt_bikeable GEO_ID "C:\Users\Bo Lin\OneDrive - University of Toronto\Saxe-Chan-Lin\ArcGIS_working_folder\LTS_assessment\Intermediate.gdb\cycling_network_trt_bikeable_buffer_10m_wNRN_done" GEO_ID SPEED;NBRLANES_2</Process><Process Name="Select (3)" ToolSource="c:\program files (x86)\arcgis\desktop10.7\ArcToolbox\Toolboxes\Analysis Tools.tbx\Select" Date="20210125" Time="115856">Select "C:\Users\Bo Lin\OneDrive - University of Toronto\Saxe-Chan-Lin\ArcGIS_working_folder\LTS_assessment\Intermediate.gdb\cycling_network_trt_bikeable" "C:\Users\Bo Lin\OneDrive - University of Toronto\Saxe-Chan-Lin\ArcGIS_working_folder\Network_design\Intermediates.gdb\arterial_ceneterline" "FCODE_DESC =  'Major Arterial' or FCODE_DESC = 'Major Arterial Ramp' or FCODE_DESC = 'Minor Arterial' or FCODE_DESC = 'Minor Arterial Ramp'"</Process><Process ToolSource="c:\program files\arcgis\pro\Resources\ArcToolbox\toolboxes\Conversion Tools.tbx\FeatureClassToFeatureClass" Date="20220219" Time="160653">FeatureClassToFeatureClass arterial_ceneterline "C:\Users\Bo Lin\OneDrive - University of Toronto\MaxANDP\data\trt_arterial" trt_arterial.shp # "GEO_ID "GEO_ID" true true false 4 Long 0 0,First,#,arterial_ceneterline,GEO_ID,-1,-1;LFN_ID "LFN_ID" true true false 4 Long 0 0,First,#,arterial_ceneterline,LFN_ID,-1,-1;LF_NAME "LF_NAME" true true false 110 Text 0 0,First,#,arterial_ceneterline,LF_NAME,0,110;ADDRESS_L "ADDRESS_L" true true false 20 Text 0 0,First,#,arterial_ceneterline,ADDRESS_L,0,20;ADDRESS_R "ADDRESS_R" true true false 20 Text 0 0,First,#,arterial_ceneterline,ADDRESS_R,0,20;OE_FLAG_L "OE_FLAG_L" true true false 2 Text 0 0,First,#,arterial_ceneterline,OE_FLAG_L,0,2;OE_FLAG_R "OE_FLAG_R" true true false 2 Text 0 0,First,#,arterial_ceneterline,OE_FLAG_R,0,2;LONUML "LONUML" true true false 4 Long 0 0,First,#,arterial_ceneterline,LONUML,-1,-1;HINUML "HINUML" true true false 4 Long 0 0,First,#,arterial_ceneterline,HINUML,-1,-1;LONUMR "LONUMR" true true false 4 Long 0 0,First,#,arterial_ceneterline,LONUMR,-1,-1;HINUMR "HINUMR" true true false 4 Long 0 0,First,#,arterial_ceneterline,HINUMR,-1,-1;FNODE "FNODE" true true false 4 Long 0 0,First,#,arterial_ceneterline,FNODE,-1,-1;TNODE "TNODE" true true false 4 Long 0 0,First,#,arterial_ceneterline,TNODE,-1,-1;ONE_WAY_DI "ONE_WAY_DI" true true false 2 Short 0 0,First,#,arterial_ceneterline,ONE_WAY_DI,-1,-1;DIR_CODE_D "DIR_CODE_D" true true false 20 Text 0 0,First,#,arterial_ceneterline,DIR_CODE_D,0,20;FCODE "FCODE" true true false 4 Long 0 0,First,#,arterial_ceneterline,FCODE,-1,-1;FCODE_DESC "FCODE_DESC" true true false 100 Text 0 0,First,#,arterial_ceneterline,FCODE_DESC,0,100;JURIS_CODE "JURIS_CODE" true true false 20 Text 0 0,First,#,arterial_ceneterline,JURIS_CODE,0,20;OBJECTID "OBJECTID" true true false 8 Double 0 0,First,#,arterial_ceneterline,OBJECTID,-1,-1;CP_TYPE "CP_TYPE" true true false 50 Text 0 0,First,#,arterial_ceneterline,CP_TYPE,0,50;SPEED "SPEED" true true false 2 Short 0 0,First,#,arterial_ceneterline,SPEED,-1,-1;NBRLANES_2 "NBRLANES_2" true true false 2 Short 0 0,First,#,arterial_ceneterline,NBRLANES_2,-1,-1;length_in_meter "length_in_meter" true true false 8 Double 0 0,First,#,arterial_ceneterline,length_in_meter,-1,-1;Shape_Length "Shape_Length" false true true 8 Double 0 0,First,#,arterial_ceneterline,Shape_Length,-1,-1" #</Process><Process ToolSource="c:\program files\arcgis\pro\Resources\ArcToolbox\toolboxes\Data Management Tools.tbx\UpdateSchema" Date="20220316" Time="164506">UpdateSchema "CIMDATA=&lt;CIMStandardDataConnection xsi:type='typens:CIMStandardDataConnection' xmlns:xsi='http://www.w3.org/2001/XMLSchema-instance' xmlns:xs='http://www.w3.org/2001/XMLSchema' xmlns:typens='http://www.esri.com/schemas/ArcGIS/2.9.0'&gt;&lt;WorkspaceConnectionString&gt;DATABASE=C:\Users\Bo Lin\OneDrive - University of Toronto\MaxANDP\data\trt_arterial&lt;/WorkspaceConnectionString&gt;&lt;WorkspaceFactory&gt;Shapefile&lt;/WorkspaceFactory&gt;&lt;Dataset&gt;trt_arterial.shp&lt;/Dataset&gt;&lt;DatasetType&gt;esriDTFeatureClass&lt;/DatasetType&gt;&lt;/CIMStandardDataConnection&gt;" &lt;operationSequence&gt;&lt;workflow&gt;&lt;AddField&gt;&lt;field_name&gt;U500_20&lt;/field_name&gt;&lt;field_type&gt;LONG&lt;/field_type&gt;&lt;field_is_nullable&gt;False&lt;/field_is_nullable&gt;&lt;field_is_required&gt;False&lt;/field_is_required&gt;&lt;/AddField&gt;&lt;/workflow&gt;&lt;/operationSequence&gt;</Process><Process ToolSource="c:\program files\arcgis\pro\Resources\ArcToolbox\toolboxes\Data Management Tools.tbx\CalculateField" Date="20220316" Time="164529">CalculateField trt_arterial U500_20 1 "Python 3" # Text NO_ENFORCE_DOMAINS</Process><Process ToolSource="c:\program files\arcgis\pro\Resources\ArcToolbox\toolboxes\Data Management Tools.tbx\CalculateField" Date="20220316" Time="164740">CalculateField trt_arterial U500_20 1 "Python 3" # Text NO_ENFORCE_DOMAINS</Process><Process ToolSource="c:\program files\arcgis\pro\Resources\ArcToolbox\toolboxes\Data Management Tools.tbx\CalculateField" Date="20220316" Time="165130">CalculateField trt_arterial U500_20 1 "Python 3" # Text NO_ENFORCE_DOMAINS</Process><Process ToolSource="c:\program files\arcgis\pro\Resources\ArcToolbox\toolboxes\Data Management Tools.tbx\CalculateField" Date="20220316" Time="165203">CalculateField trt_arterial U500_20 1 "Python 3" # Text NO_ENFORCE_DOMAINS</Process><Process ToolSource="c:\program files\arcgis\pro\Resources\ArcToolbox\toolboxes\Data Management Tools.tbx\CalculateField" Date="20220316" Time="165846">CalculateField trt_arterial U500_20 1 "Python 3" # Text NO_ENFORCE_DOMAINS</Process><Process ToolSource="c:\program files\arcgis\pro\Resources\ArcToolbox\toolboxes\Data Management Tools.tbx\CalculateField" Date="20220316" Time="165943">CalculateField trt_arterial U500_20 1 "Python 3" # Text NO_ENFORCE_DOMAINS</Process><Process ToolSource="c:\program files\arcgis\pro\Resources\ArcToolbox\toolboxes\Data Management Tools.tbx\CalculateField" Date="20220316" Time="170050">CalculateField trt_arterial U500_20 1 "Python 3" # Text NO_ENFORCE_DOMAINS</Process><Process ToolSource="c:\program files\arcgis\pro\Resources\ArcToolbox\toolboxes\Data Management Tools.tbx\CalculateField" Date="20220316" Time="170111">CalculateField trt_arterial U500_20 1 "Python 3" # Text NO_ENFORCE_DOMAINS</Process><Process ToolSource="c:\program files\arcgis\pro\Resources\ArcToolbox\toolboxes\Data Management Tools.tbx\CalculateField" Date="20220316" Time="170132">CalculateField trt_arterial U500_20 1 "Python 3" # Text NO_ENFORCE_DOMAINS</Process><Process ToolSource="c:\program files\arcgis\pro\Resources\ArcToolbox\toolboxes\Data Management Tools.tbx\CalculateField" Date="20220316" Time="170145">CalculateField trt_arterial U500_20 1 "Python 3" # Text NO_ENFORCE_DOMAINS</Process><Process ToolSource="c:\program files\arcgis\pro\Resources\ArcToolbox\toolboxes\Data Management Tools.tbx\CalculateField" Date="20220316" Time="170510">CalculateField trt_arterial U500_20 1 "Python 3" # Text NO_ENFORCE_DOMAINS</Process><Process ToolSource="c:\program files\arcgis\pro\Resources\ArcToolbox\toolboxes\Data Management Tools.tbx\CalculateField" Date="20220316" Time="170632">CalculateField trt_arterial U500_20 1 "Python 3" # Text NO_ENFORCE_DOMAINS</Process><Process ToolSource="c:\program files\arcgis\pro\Resources\ArcToolbox\toolboxes\Data Management Tools.tbx\CalculateField" Date="20220316" Time="170702">CalculateField trt_arterial U500_20 1 "Python 3" # Text NO_ENFORCE_DOMAINS</Process><Process ToolSource="c:\program files\arcgis\pro\Resources\ArcToolbox\toolboxes\Data Management Tools.tbx\CalculateField" Date="20220316" Time="170838">CalculateField trt_arterial U500_20 1 "Python 3" # Text NO_ENFORCE_DOMAINS</Process><Process ToolSource="c:\program files\arcgis\pro\Resources\ArcToolbox\toolboxes\Data Management Tools.tbx\CalculateField" Date="20220316" Time="170854">CalculateField trt_arterial U500_20 1 "Python 3" # Text NO_ENFORCE_DOMAINS</Process><Process ToolSource="c:\program files\arcgis\pro\Resources\ArcToolbox\toolboxes\Data Management Tools.tbx\CalculateField" Date="20220316" Time="170859">CalculateField trt_arterial U500_20 1 "Python 3" # Text NO_ENFORCE_DOMAINS</Process><Process ToolSource="c:\program files\arcgis\pro\Resources\ArcToolbox\toolboxes\Data Management Tools.tbx\CalculateField" Date="20220316" Time="170945">CalculateField trt_arterial U500_20 1 "Python 3" # Text NO_ENFORCE_DOMAINS</Process><Process ToolSource="c:\program files\arcgis\pro\Resources\ArcToolbox\toolboxes\Data Management Tools.tbx\CalculateField" Date="20220316" Time="171024">CalculateField trt_arterial U500_20 1 "Python 3" # Text NO_ENFORCE_DOMAINS</Process><Process ToolSource="c:\program files\arcgis\pro\Resources\ArcToolbox\toolboxes\Data Management Tools.tbx\CalculateField" Date="20220316" Time="171055">CalculateField trt_arterial U500_20 1 "Python 3" # Text NO_ENFORCE_DOMAINS</Process><Process ToolSource="c:\program files\arcgis\pro\Resources\ArcToolbox\toolboxes\Data Management Tools.tbx\CalculateField" Date="20220316" Time="171107">CalculateField trt_arterial U500_20 1 "Python 3" # Text NO_ENFORCE_DOMAINS</Process><Process ToolSource="c:\program files\arcgis\pro\Resources\ArcToolbox\toolboxes\Data Management Tools.tbx\CalculateField" Date="20220316" Time="171138">CalculateField trt_arterial U500_20 1 "Python 3" # Text NO_ENFORCE_DOMAINS</Process><Process ToolSource="c:\program files\arcgis\pro\Resources\ArcToolbox\toolboxes\Data Management Tools.tbx\CalculateField" Date="20220316" Time="171209">CalculateField trt_arterial U500_20 1 "Python 3" # Text NO_ENFORCE_DOMAINS</Process><Process ToolSource="c:\program files\arcgis\pro\Resources\ArcToolbox\toolboxes\Data Management Tools.tbx\CalculateField" Date="20220316" Time="171230">CalculateField trt_arterial U500_20 1 "Python 3" # Text NO_ENFORCE_DOMAINS</Process><Process ToolSource="c:\program files\arcgis\pro\Resources\ArcToolbox\toolboxes\Data Management Tools.tbx\CalculateField" Date="20220316" Time="171334">CalculateField trt_arterial U500_20 1 "Python 3" # Text NO_ENFORCE_DOMAINS</Process><Process ToolSource="c:\program files\arcgis\pro\Resources\ArcToolbox\toolboxes\Data Management Tools.tbx\CalculateField" Date="20220316" Time="171451">CalculateField trt_arterial U500_20 1 "Python 3" # Text NO_ENFORCE_DOMAINS</Process><Process ToolSource="c:\program files\arcgis\pro\Resources\ArcToolbox\toolboxes\Data Management Tools.tbx\CalculateField" Date="20220316" Time="171511">CalculateField trt_arterial U500_20 1 "Python 3" # Text NO_ENFORCE_DOMAINS</Process><Process ToolSource="c:\program files\arcgis\pro\Resources\ArcToolbox\toolboxes\Data Management Tools.tbx\CalculateField" Date="20220316" Time="171601">CalculateField trt_arterial U500_20 1 "Python 3" # Text NO_ENFORCE_DOMAINS</Process><Process ToolSource="c:\program files\arcgis\pro\Resources\ArcToolbox\toolboxes\Data Management Tools.tbx\CalculateField" Date="20220316" Time="171632">CalculateField trt_arterial U500_20 1 "Python 3" # Text NO_ENFORCE_DOMAINS</Process><Process ToolSource="c:\program files\arcgis\pro\Resources\ArcToolbox\toolboxes\Data Management Tools.tbx\CalculateField" Date="20220316" Time="171727">CalculateField trt_arterial U500_20 1 "Python 3" # Text NO_ENFORCE_DOMAINS</Process><Process ToolSource="c:\program files\arcgis\pro\Resources\ArcToolbox\toolboxes\Data Management Tools.tbx\CalculateField" Date="20220316" Time="171800">CalculateField trt_arterial U500_20 1 "Python 3" # Text NO_ENFORCE_DOMAINS</Process><Process ToolSource="c:\program files\arcgis\pro\Resources\ArcToolbox\toolboxes\Data Management Tools.tbx\CalculateField" Date="20220316" Time="171810">CalculateField trt_arterial U500_20 1 "Python 3" # Text NO_ENFORCE_DOMAINS</Process><Process ToolSource="c:\program files\arcgis\pro\Resources\ArcToolbox\toolboxes\Data Management Tools.tbx\CalculateField" Date="20220316" Time="171828">CalculateField trt_arterial U500_20 1 "Python 3" # Text NO_ENFORCE_DOMAINS</Process><Process ToolSource="c:\program files\arcgis\pro\Resources\ArcToolbox\toolboxes\Data Management Tools.tbx\CalculateField" Date="20220316" Time="171850">CalculateField trt_arterial U500_20 1 "Python 3" # Text NO_ENFORCE_DOMAINS</Process><Process ToolSource="c:\program files\arcgis\pro\Resources\ArcToolbox\toolboxes\Data Management Tools.tbx\CalculateField" Date="20220316" Time="171853">CalculateField trt_arterial U500_20 1 "Python 3" # Text NO_ENFORCE_DOMAINS</Process><Process ToolSource="c:\program files\arcgis\pro\Resources\ArcToolbox\toolboxes\Data Management Tools.tbx\CalculateField" Date="20220316" Time="172035">CalculateField trt_arterial U500_20 1 "Python 3" # Text NO_ENFORCE_DOMAINS</Process><Process ToolSource="c:\program files\arcgis\pro\Resources\ArcToolbox\toolboxes\Data Management Tools.tbx\CalculateField" Date="20220316" Time="172237">CalculateField trt_arterial U500_20 1 "Python 3" # Text NO_ENFORCE_DOMAINS</Process></lineage></DataProperties><SyncDate>20220219</SyncDate><SyncTime>16065200</SyncTime><ModDate>20220219</ModDate><ModTime>16065200</ModTime></Esri><idinfo><citation><citeinfo><title>Bikeways</title><origin>none</origin></citeinfo></citation></idinfo><dataIdInfo><themeKeys><keyword>Road</keyword><keyword>river</keyword><keyword>highway</keyword><keyword>railway</keyword><keyword>line</keyword><keyword>transportation</keyword><keyword>one-way</keyword><keyword>oneway</keyword><keyword>bikeways</keyword><keyword>cycle</keyword><keyword>bicycle</keyword></themeKeys><idPurp>On and off-street bikeways, suggested routes and other connections found on the Toronto Cycling Map.</idPurp><idAbs>The Toronto Cycling Map shows marked bicycle lanes, sharrows, signed bicycle routes and off-road paths. It also shows suggested routes and connections in areas where routes have not yet been designated as part of the Bikeway Network. The suggested routes and connections have been identified in consultation with experienced Toronto cyclists and the Toronto Cycling Advisory Committee.</idAbs><idCitation><resTitle>CITYGCS.CENTRELINE_BIKEWAY_OD</resTitle><presForm><PresFormCd value="005" Sync="TRUE"></PresFormCd></presForm></idCitation><resConst><Consts><useLimit>Source must be credited. Cannot be re-sold</useLimit></Consts></resConst><dataExt><geoEle><GeoBndBox><westBL>-82</westBL><eastBL>-77.8</eastBL><northBL>45.2</northBL><southBL>42</southBL></GeoBndBox></geoEle></dataExt><idPoC><rpIndName>Open Data Team</rpIndName><rpOrgName>City of Toronto</rpOrgName><rpCntInfo><cntAddress><eMailAdd>opendata@toronto.ca</eMailAdd></cntAddress></rpCntInfo></idPoC><envirDesc Sync="TRUE">Microsoft Windows 10 Version 10.0 (Build 19041) ; Esri ArcGIS 12.9.0.32739</envirDesc><dataLang><languageCode value="eng" Sync="TRUE"></languageCode><countryCode value="CAN" Sync="TRUE"></countryCode></dataLang><spatRpType><SpatRepTypCd value="001" Sync="TRUE"></SpatRepTypCd></spatRpType></dataIdInfo><metainfo><D>99</D><langmeta>en</langmeta></metainfo><distinfo></distinfo><spdoinfo><ptvctinf><esriterm Name="trt_arterial"><efeatyp Sync="TRUE">Simple</efeatyp><efeageom code="3" Sync="TRUE"></efeageom><esritopo Sync="TRUE">FALSE</esritopo><efeacnt Sync="TRUE">0</efeacnt><spindex Sync="TRUE">FALSE</spindex><linrefer Sync="TRUE">FALSE</linrefer></esriterm></ptvctinf></spdoinfo><mdContact><rpOrgName>Geospatial Competency Centre</rpOrgName><rpIndName>.</rpIndName><rpCntInfo><cntAddress><city>Toronto</city><delPoint>18 Dyas Rd,  3rd Floor</delPoint><eMailAdd>gcc@toronto.ca</eMailAdd><postCode>M3B 1V5</postCode><adminArea>ON</adminArea></cntAddress><cntPhone><voiceNum>416-392-2506</voiceNum><faxNum>416-397-4900</faxNum></cntPhone></rpCntInfo><rpPosName>.</rpPosName></mdContact><eainfo><detailed Name="trt_arterial"><enttyp><enttypt>Feature Class</enttypt><enttypl>CITYGCS.CENTRELINE_BIKEWAY_OD</enttypl><enttypc Sync="TRUE">0</enttypc></enttyp><attr><attrlabl Sync="TRUE">FID</attrlabl><attalias Sync="TRUE">FID</attalias><attrtype Sync="TRUE">OID</attrtype><attwidth Sync="TRUE">4</attwidth><atprecis Sync="TRUE">0</atprecis><attscale Sync="TRUE">0</attscale><attrdef Sync="TRUE">Internal feature number.</attrdef><attrdefs Sync="TRUE">Esri</attrdefs><attrdomv><udom Sync="TRUE">Sequential unique whole numbers that are automatically generated.</udom></attrdomv></attr><attr><attrlabl>FCODE</attrlabl><attalias>FCODE</attalias><attrtype>NUMBER</attrtype><attwidth>22</attwidth><attrdef>Unique geographic identifier</attrdef><atprecis Sync="TRUE">10</atprecis><attscale Sync="TRUE">0</attscale></attr><attr><attrlabl>FCODE_DESC</attrlabl><attalias>FCODE_DESC</attalias><attrtype>VARCHAR2</attrtype><attwidth>100</attwidth><attrdef>Feature code description for the CENTRELINE_BIKEWAY segment</attrdef><atprecis Sync="TRUE">0</atprecis><attscale Sync="TRUE">0</attscale></attr><attr><attrlabl>JURIS_CODE</attrlabl><attalias>JURIS_CODE</attalias><attrtype>VARCHAR2</attrtype><attwidth>20</attwidth><attrdef>Jurisdiction of the CENTRELINE_BIKEWAY segment</attrdef><atprecis Sync="TRUE">0</atprecis><attscale Sync="TRUE">0</attscale></attr><attr><attrlabl>SHAPE</attrlabl><attalias>SHAPE</attalias><attrtype>SDO_GEOMETRY</attrtype><attwidth>64</attwidth><attrdef>Even/Odd address numbers on left side of street</attrdef><atprecis Sync="TRUE">0</atprecis><attscale Sync="TRUE">0</attscale><attrdefs Sync="TRUE">Esri</attrdefs><attrdomv><udom Sync="TRUE">Coordinates defining the features.</udom></attrdomv></attr><attr><attrlabl>OBJECTID</attrlabl><attalias>OBJECTID</attalias><attrtype>NUMBER</attrtype><attwidth>22</attwidth><attrdef>Even/Odd address numbers on right side of street</attrdef><atprecis Sync="TRUE">0</atprecis><attscale Sync="TRUE">0</attscale></attr><attr><attrlabl>CP_TYPE</attrlabl><attalias>CP_TYPE</attalias><attrtype>VARCHAR2</attrtype><attwidth>50</attwidth><attrdef>Highest address number for right side of the street segment</attrdef><atprecis Sync="TRUE">0</atprecis><attscale Sync="TRUE">0</attscale></attr><attr><attrlabl>GEO_ID</attrlabl><attalias>GEO_ID</attalias><attrtype>NUMBER</attrtype><attwidth>22</attwidth><attrdef>Unique ID of CENTRELINE segment.</attrdef><atprecis Sync="TRUE">10</atprecis><attscale Sync="TRUE">0</attscale></attr><attr><attrlabl>LFN_ID</attrlabl><attalias>LFN_ID</attalias><attrtype>NUMBER</attrtype><attwidth>22</attwidth><attrdef>Unique ID of Linear Name</attrdef><atprecis Sync="TRUE">10</atprecis><attscale Sync="TRUE">0</attscale></attr><attr><attrlabl>LF_NAME</attrlabl><attalias>LF_NAME</attalias><attrtype>VARCHAR2</attrtype><attwidth>110</attwidth><attrdef>Linear Name in full, e.g. Don Mills Rd</attrdef><atprecis Sync="TRUE">0</atprecis><attscale Sync="TRUE">0</attscale></attr><attr><attrlabl>ADDRESS_L</attrlabl><attalias>ADDRESS_L</attalias><attrtype>VARCHAR2</attrtype><attwidth>20</attwidth><attrdef>Address range left</attrdef><atprecis Sync="TRUE">0</atprecis><attscale Sync="TRUE">0</attscale></attr><attr><attrlabl>ADDRESS_R</attrlabl><attalias>ADDRESS_R</attalias><attrtype>VARCHAR2</attrtype><attwidth>20</attwidth><attrdef>Address range right</attrdef><atprecis Sync="TRUE">0</atprecis><attscale Sync="TRUE">0</attscale></attr><attr><attrlabl>OE_FLAG_L</attrlabl><attalias>OE_FLAG_L</attalias><attrtype>VARCHAR2</attrtype><attwidth>2</attwidth><attrdef>Parity Left</attrdef><atprecis Sync="TRUE">0</atprecis><attscale Sync="TRUE">0</attscale></attr><attr><attrlabl>OE_FLAG_R</attrlabl><attalias>OE_FLAG_R</attalias><attrtype>VARCHAR2</attrtype><attwidth>2</attwidth><attrdef>Parity Right</attrdef><atprecis Sync="TRUE">0</atprecis><attscale Sync="TRUE">0</attscale></attr><attr><attrlabl>LONUML</attrlabl><attalias>LONUML</attalias><attrtype>NUMBER</attrtype><attwidth>22</attwidth><attrdef>Numeric lowest number on the left</attrdef><atprecis Sync="TRUE">10</atprecis><attscale Sync="TRUE">0</attscale></attr><attr><attrlabl>HINUML</attrlabl><attalias>HINUML</attalias><attrtype>NUMBER</attrtype><attwidth>22</attwidth><attrdef>from intersection id</attrdef><atprecis Sync="TRUE">10</atprecis><attscale Sync="TRUE">0</attscale></attr><attr><attrlabl>LONUMR</attrlabl><attalias>LONUMR</attalias><attrtype>NUMBER</attrtype><attwidth>22</attwidth><attrdef>to intersection id</attrdef><atprecis Sync="TRUE">10</atprecis><attscale Sync="TRUE">0</attscale></attr><attr><attrlabl>HINUMR</attrlabl><attalias>HINUMR</attalias><attrtype>NUMBER</attrtype><attwidth>22</attwidth><attrdef>One-way direction (0, 1, -1)</attrdef><atprecis Sync="TRUE">10</atprecis><attscale Sync="TRUE">0</attscale></attr><attr><attrlabl>FNODE</attrlabl><attalias>FNODE</attalias><attrtype>NUMBER</attrtype><attwidth>22</attwidth><attrdef>Intersection id at the from node</attrdef><atprecis Sync="TRUE">10</atprecis><attscale Sync="TRUE">0</attscale></attr><attr><attrlabl>TNODE</attrlabl><attalias>TNODE</attalias><attrtype>NUMBER</attrtype><attwidth>22</attwidth><attrdef>Intersection id at the to node</attrdef><atprecis Sync="TRUE">10</atprecis><attscale Sync="TRUE">0</attscale></attr><attr><attrlabl>ONE_WAY_DI</attrlabl><attalias>ONE_WAY_DI</attalias><attrtype>NUMBER</attrtype><attwidth>22</attwidth><attrdef>0 for non-oneway, 1 follow digitized direction, -1 against digitised direction</attrdef><atprecis Sync="TRUE">5</atprecis><attscale Sync="TRUE">0</attscale></attr><attr><attrlabl>DIR_CODE_D</attrlabl><attalias>DIR_CODE_D</attalias><attrtype>VARCHAR2</attrtype><attwidth>20</attwidth><attrdef>Oneway code description</attrdef><atprecis Sync="TRUE">0</atprecis><attscale Sync="TRUE">0</attscale></attr><attr><attrlabl Sync="TRUE">SPEED</attrlabl><attalias Sync="TRUE">SPEED</attalias><attrtype Sync="TRUE">Integer</attrtype><attwidth Sync="TRUE">5</attwidth><atprecis Sync="TRUE">5</atprecis><attscale Sync="TRUE">0</attscale></attr><attr><attrlabl Sync="TRUE">NBRLANES_2</attrlabl><attalias Sync="TRUE">NBRLANES_2</attalias><attrtype Sync="TRUE">Integer</attrtype><attwidth Sync="TRUE">5</attwidth><atprecis Sync="TRUE">5</atprecis><attscale Sync="TRUE">0</attscale></attr><attr><attrlabl Sync="TRUE">length_in_</attrlabl><attalias Sync="TRUE">length_in_</attalias><attrtype Sync="TRUE">Double</attrtype><attwidth Sync="TRUE">19</attwidth><atprecis Sync="TRUE">0</atprecis><attscale Sync="TRUE">0</attscale></attr><attr><attrlabl Sync="TRUE">Shape_Leng</attrlabl><attalias Sync="TRUE">Shape_Leng</attalias><attrtype Sync="TRUE">Double</attrtype><attwidth Sync="TRUE">19</attwidth><atprecis Sync="TRUE">0</atprecis><attscale Sync="TRUE">0</attscale></attr></detailed></eainfo><mdLang><languageCode value="eng" Sync="TRUE"></languageCode><countryCode value="CAN" Sync="TRUE"></countryCode></mdLang><distInfo><distFormat><formatName Sync="TRUE">Shapefile</formatName></distFormat><distTranOps><transSize Sync="TRUE">0.000</transSize></distTranOps></distInfo><mdHrLv><ScopeCd value="005" Sync="TRUE"></ScopeCd></mdHrLv><mdHrLvName Sync="TRUE">dataset</mdHrLvName><refSysInfo><RefSystem><refSysID><identCode code="4326" Sync="TRUE"></identCode><idCodeSpace Sync="TRUE">EPSG</idCodeSpace><idVersion Sync="TRUE">6.2(3.0.1)</idVersion></refSysID></RefSystem></refSysInfo><spatRepInfo><VectSpatRep><geometObjs Name="trt_arterial"><geoObjTyp><GeoObjTypCd value="002" Sync="TRUE"></GeoObjTypCd></geoObjTyp><geoObjCnt Sync="TRUE">0</geoObjCnt></geometObjs><topLvl><TopoLevCd value="001" Sync="TRUE"></TopoLevCd></topLvl></VectSpatRep></spatRepInfo><mdDateSt Sync="TRUE">20220219</mdDateSt></metadata>
